taxon,species,genus,family,order,class,superclass,subphylum,phylum,kingdom,nameACANTHEPHYRA PELAGICA,pelagica,Acanthephyra,Acanthephyridae,Decapoda,Malacostraca,NA,Crustacea,Arthropoda,Animalia,Acanthephyra pelagicaAcantholithodeshispidus,hispidus,Acantholithodes,Hapalogastridae,Decapoda,Malacostraca,NA,Crustacea,Arthropoda,Animalia,Acantholithodes hispidusACTINARIA,NA,NA,NA,Actiniaria,Anthozoa,NA,NA,Cnidaria,Animalia,Actiniaria spp.Actiniaria,NA,NA,NA,Actiniaria,Anthozoa,NA,NA,Cnidaria,Animalia,Actiniaria spp.Aforiacircinata,circinata,Aforia,Cochlespiridae,Neogastropoda,Gastropoda,NA,NA,Mollusca,Animalia,Aforia circinataAforia circinata,circinata,Aforia,Cochlespiridae,Neogastropoda,Gastropoda,NA,NA,Mollusca,Animalia,Aforia circinataAGONUS DECAGONUS,decagonus,Leptagonus,Agonidae,Scorpaeniformes,Actinopterygii,Pisces,Vertebrata,Chordata,Animalia,Leptagonus decagonusAlbatrossiapectoralis,pectoralis,Albatrossia,Macrouridae,Gadiformes,Actinopterygii,Pisces,Vertebrata,Chordata,Animalia,Albatrossia pectoralisALEPOCEPHALUS BAIRDII,bairdii,Alepocephalus,Alepocephalidae,Osmeriformes,Actinopterygii,Pisces,Vertebrata,Chordata,Animalia,Alepocephalus bairdiiAllosmerus elongatus,elongatus,Allosmerus,Osmeridae,Osmeriformes,Actinopterygii,Pisces,Vertebrata,Chordata,Animalia,Allosmerus elongatusAlosa aestivalis,aestivalis,Alosa,Clupeidae,Clupeiformes,Actinopterygii,Pisces,Vertebrata,Chordata,Animalia,Alosa aestivalisALOSA PSEUDOHARENGUS,pseudoharengus,Alosa,Clupeidae,Clupeiformes,Actinopterygii,Pisces,Vertebrata,Chordata,Animalia,Alosa pseudoharengusAlosa pseudoharengus,pseudoharengus,Alosa,Clupeidae,Clupeiformes,Actinopterygii,Pisces,Vertebrata,Chordata,Animalia,Alosa pseudoharengusAlosa sapidissima,sapidissima,Alosa,Clupeidae,Clupeiformes,Actinopterygii,Pisces,Vertebrata,Chordata,Animalia,Alosa sapidissimaAmblyraja radiata,radiata,Amblyraja,Rajidae,Rajiformes,Elasmobranchii,Pisces,Vertebrata,Chordata,Animalia,Amblyraja radiataAMBLYRAJA RADIATA,radiata,Amblyraja,Rajidae,Rajiformes,Elasmobranchii,Pisces,Vertebrata,Chordata,Animalia,Amblyraja radiataAMMODYTES DUBIUS,dubius,Ammodytes,Ammodytidae,Perciformes,Actinopterygii,Pisces,Vertebrata,Chordata,Animalia,Ammodytes dubiusAmmodyteshexapterus,hexapterus,Ammodytes,Ammodytidae,Perciformes,Actinopterygii,Pisces,Vertebrata,Chordata,Animalia,Ammodytes hexapterusAmmodytes hexapterus,hexapterus,Ammodytes,Ammodytidae,Perciformes,Actinopterygii,Pisces,Vertebrata,Chordata,Animalia,Ammodytes hexapterusAMUSIUM PAPYRACEUM,papyraceum,Amusium,Pectinidae,Ostreoida,Bivalvia,NA,NA,Mollusca,Animalia,Amusium papyraceumANARHICHAS DENTICULATUS,denticulatus,Anarhichas,Anarhichadidae,Perciformes,Actinopterygii,Pisces,Vertebrata,Chordata,Animalia,Anarhichas denticulatusANARHICHAS LUPUS,lupus,Anarhichas,Anarhichadidae,Perciformes,Actinopterygii,Pisces,Vertebrata,Chordata,Animalia,Anarhichas lupusAnarhichas lupus,lupus,Anarhichas,Anarhichadidae,Perciformes,Actinopterygii,Pisces,Vertebrata,Chordata,Animalia,Anarhichas lupusANARHICHAS MINOR,minor,Anarhichas,Anarhichadidae,Perciformes,Actinopterygii,Pisces,Vertebrata,Chordata,Animalia,Anarhichas minorAnarhichasorientalis,orientalis,Anarhichas,Anarhichadidae,Perciformes,Actinopterygii,Pisces,Vertebrata,Chordata,Animalia,Anarhichas orientalisAnarhichas orientalis,orientalis,Anarhichas,Anarhichadidae,Perciformes,Actinopterygii,Pisces,Vertebrata,Chordata,Animalia,Anarhichas orientalisANASIMUS LATUS,latus,Anasimus,Inachoididae,Decapoda,Malacostraca,NA,Crustacea,Arthropoda,Animalia,Anasimus latusANCHOA HEPSETUS,hepsetus,Anchoa,Engraulidae,Clupeiformes,Actinopterygii,Pisces,Vertebrata,Chordata,Animalia,Anchoa hepsetusANCHOA MITCHILLI,mitchilli,Anchoa,Engraulidae,Clupeiformes,Actinopterygii,Pisces,Vertebrata,Chordata,Animalia,Anchoa mitchilliANCYLOPSETTA DILECTA,dilecta,Ancylopsetta,Bothidae,Pleuronectiformes,Actinopterygii,Pisces,Vertebrata,Chordata,Animalia,Ancylopsetta dilectaANCYLOPSETTA QUADROCELLATA,ommata,Ancylopsetta,Bothidae,Pleuronectiformes,Actinopterygii,Pisces,Vertebrata,Chordata,Animalia,Ancylopsetta ommataAnoplopoma fimbria,fimbria,Anoplopoma,Anoplopomatidae,Scorpaeniformes,Actinopterygii,Pisces,Vertebrata,Chordata,Animalia,Anoplopoma fimbriaAnoplopomafimbria,fimbria,Anoplopoma,Anoplopomatidae,Scorpaeniformes,Actinopterygii,Pisces,Vertebrata,Chordata,Animalia,Anoplopoma fimbriaANTENNARIUS RADIOSUS,radiosus,Antennarius,Antennariidae,Lophiiformes,Actinopterygii,Pisces,Vertebrata,Chordata,Animalia,Antennarius radiosusANTIMORA ROSTRATA,rostrata,Antimora,Moridae,Gadiformes,Actinopterygii,Pisces,Vertebrata,Chordata,Animalia,Antimora rostrataAphroditidae,NA,NA,Aphroditidae,Phyllodocida,Polychaeta,NA,NA,Annelida,Animalia,Aphroditidae spp.Aplidiumsp.A(Clark2006),NA,Aplidium,Polyclinidae,Aplousobranchia,Ascidiacea,NA,Tunicata,Chordata,Animalia,Aplidium spp.Aplidium sp. A (Clark 2006),NA,Aplidium,Polyclinidae,Aplousobranchia,Ascidiacea,NA,Tunicata,Chordata,Animalia,Aplidium spp.Apristurus brunneus,brunneus,Apristurus,Scyliorhinidae,Carcharhiniformes,Elasmobranchii,Pisces,Vertebrata,Chordata,Animalia,Apristurus brunneusAptocyclusventricosus,ventricosus,Aptocyclus,Cyclopteridae,Scorpaeniformes,Actinopterygii,Pisces,Vertebrata,Chordata,Animalia,Aptocyclus ventricosusARGENTINA SILUS,silus,Argentina,Argentinidae,Osmeriformes,Actinopterygii,Pisces,Vertebrata,Chordata,Animalia,Argentina silusArgentina silus,silus,Argentina,Argentinidae,Osmeriformes,Actinopterygii,Pisces,Vertebrata,Chordata,Animalia,Argentina silusARGIS DENTATA,dentata,Argis,Crangonidae,Decapoda,Malacostraca,NA,Crustacea,Arthropoda,Animalia,Argis dentataArgis sp.,NA,Argis,Crangonidae,Decapoda,Malacostraca,NA,Crustacea,Arthropoda,Animalia,Argis spp.Argissp.,NA,Argis,Crangonidae,Decapoda,Malacostraca,NA,Crustacea,Arthropoda,Animalia,Argis spp.ARIUS FELIS,felis,Ariopsis,Ariidae,Siluriformes,Actinopterygii,Pisces,Vertebrata,Chordata,Animalia,Ariopsis felisARTEDIELLUS  SP,NA,Artediellus,Cottidae,Scorpaeniformes,Actinopterygii,Pisces,Vertebrata,Chordata,Animalia,Artediellus spp.ARTEDIELLUS  SP.,NA,Artediellus,Cottidae,Scorpaeniformes,Actinopterygii,Pisces,Vertebrata,Chordata,Animalia,Artediellus spp.Ascidiacea,NA,NA,NA,NA,NA,NA,Tunicata,Chordata,Animalia,Tunicata spp.ASPIDOPHOROIDES MONOPTERYGIUS,monopterygius,Aspidophoroides,Agonidae,Scorpaeniformes,Actinopterygii,Pisces,Vertebrata,Chordata,Animalia,Aspidophoroides monopterygiusASPIDOPHOROIDES OLRIKI,olrikii,Ulcina,Agonidae,Scorpaeniformes,Actinopterygii,Pisces,Vertebrata,Chordata,Animalia,Ulcina olrikiiAspidophoroides bartoni,bartoni,Aspidophoroides,Agonidae,Scorpaeniformes,Actinopterygii,Pisces,Vertebrata,Chordata,Animalia,Aspidophoroides bartoniAspidophoroidesbartoni,bartoni,Aspidophoroides,Agonidae,Scorpaeniformes,Actinopterygii,Pisces,Vertebrata,Chordata,Animalia,Aspidophoroides bartoniAsterias amurensis,amurensis,Asterias,Asteriidae,Forcipulatida,Asteroidea,NA,Asterozoa,Echinodermata,Animalia,Asterias amurensisAsteriasamurensis,amurensis,Asterias,Asteriidae,Forcipulatida,Asteroidea,NA,Asterozoa,Echinodermata,Animalia,Asterias amurensisAsteroidea,NA,NA,NA,NA,NA,NA,Asterozoa,Echinodermata,Animalia,Asterozoa spp.ASTEROIDEA,NA,NA,NA,NA,NA,NA,Asterozoa,Echinodermata,Animalia,Asterozoa spp.Atheresthes stomias,stomias,Atheresthes,Pleuronectidae,Pleuronectiformes,Actinopterygii,Pisces,Vertebrata,Chordata,Animalia,Atheresthes stomiasAtheresthessp,NA,Atheresthes,Pleuronectidae,Pleuronectiformes,Actinopterygii,Pisces,Vertebrata,Chordata,Animalia,Atheresthes spp.Atheresthes sp.,NA,Atheresthes,Pleuronectidae,Pleuronectiformes,Actinopterygii,Pisces,Vertebrata,Chordata,Animalia,Atheresthes spp.Atheresthessp.,NA,Atheresthes,Pleuronectidae,Pleuronectiformes,Actinopterygii,Pisces,Vertebrata,Chordata,Animalia,Atheresthes spp.Atheresthesstomias,stomias,Atheresthes,Pleuronectidae,Pleuronectiformes,Actinopterygii,Pisces,Vertebrata,Chordata,Animalia,Atheresthes stomiasAURELIA,NA,Aurelia,Ulmaridae,Semaeostomeae,Scyphozoa,NA,NA,Cnidaria,Animalia,Aurelia spp.BALISTES CAPRISCUS,capriscus,Balistes,Balistidae,Tetraodontiformes,Actinopterygii,Pisces,Vertebrata,Chordata,Animalia,Balistes capriscusBathyagonusnigripinnis,nigripinnis,Bathyagonus,Agonidae,Scorpaeniformes,Actinopterygii,Pisces,Vertebrata,Chordata,Animalia,Bathyagonus nigripinnisBATHYLAGUS EURYOPS,euryops,Bathylagus,Bathylagidae,Osmeriformes,Actinopterygii,Pisces,Vertebrata,Chordata,Animalia,Bathylagus euryopsBathymaster signatus,signatus,Bathymaster,Bathymasteridae,Perciformes,Actinopterygii,Pisces,Vertebrata,Chordata,Animalia,Bathymaster signatusBathymastersignatus,signatus,Bathymaster,Bathymasteridae,Perciformes,Actinopterygii,Pisces,Vertebrata,Chordata,Animalia,Bathymaster signatusBathyrajasp,NA,Bathyraja,Rajidae,Rajiformes,Elasmobranchii,Pisces,Vertebrata,Chordata,Animalia,Bathyraja spp.Bathyrajasp.,NA,Bathyraja,Rajidae,Rajiformes,Elasmobranchii,Pisces,Vertebrata,Chordata,Animalia,Bathyraja spp.Beringius beringii,behringi,Beringius,Buccinidae,Neogastropoda,Gastropoda,NA,NA,Mollusca,Animalia,Beringius behringiBeringiusberingii,behringi,Beringius,Buccinidae,Neogastropoda,Gastropoda,NA,NA,Mollusca,Animalia,Beringius behringiBeringius sp.,NA,Beringius,Buccinidae,Neogastropoda,Gastropoda,NA,NA,Mollusca,Animalia,Beringius spp.Beringiussp.,NA,Beringius,Buccinidae,Neogastropoda,Gastropoda,NA,NA,Mollusca,Animalia,Beringius spp.Berryteuthismagister,magister,Berryteuthis,Gonatidae,Oegopsida,Cephalopoda,NA,NA,Mollusca,Animalia,Berryteuthis magisterBivalvia,NA,NA,NA,NA,Bivalvia,NA,NA,Mollusca,Animalia,Bivalvia spp.BOLLMANNIA COMMUNIS,communis,Bollmannia,Gobiidae,Perciformes,Actinopterygii,Pisces,Vertebrata,Chordata,Animalia,Bollmannia communisBOREOGADUS SAIDA,saida,Boreogadus,Gadidae,Gadiformes,Actinopterygii,Pisces,Vertebrata,Chordata,Animalia,Boreogadus saidaBrachiopoda,NA,NA,NA,NA,NA,NA,NA,Brachiopoda,Animalia,Brachiopoda spp.BREGMACEROS ATLANTICUS,atlanticus,Bregmaceros,Bregmacerotidae,Gadiformes,Actinopterygii,Pisces,Vertebrata,Chordata,Animalia,Bregmaceros atlanticusBREVOORTIA PATRONUS,patronus,Brevoortia,Clupeidae,Clupeiformes,Actinopterygii,Pisces,Vertebrata,Chordata,Animalia,Brevoortia patronusBrosme brosme,brosme,Brosme,Lotidae,Gadiformes,Actinopterygii,Pisces,Vertebrata,Chordata,Animalia,Brosme brosmeBROSME BROSME,brosme,Brosme,Lotidae,Gadiformes,Actinopterygii,Pisces,Vertebrata,Chordata,Animalia,Brosme brosmeBROTULA BARBATUM,barbata,Brotula,Ophidiidae,Ophidiiformes,Actinopterygii,Pisces,Vertebrata,Chordata,Animalia,Brotula barbataBryozoa,NA,NA,NA,NA,NA,NA,NA,Bryozoa,Animalia,Bryozoa spp.BUCCINIDAE,NA,NA,Buccinidae,Neogastropoda,Gastropoda,NA,NA,Mollusca,Animalia,Buccinidae spp.Buccinum plectrum,plectrum,Buccinum,Buccinidae,Neogastropoda,Gastropoda,NA,NA,Mollusca,Animalia,Buccinum plectrumBuccinumplectrum,plectrum,Buccinum,Buccinidae,Neogastropoda,Gastropoda,NA,NA,Mollusca,Animalia,Buccinum plectrumBuccinum sp.,NA,Buccinum,Buccinidae,Neogastropoda,Gastropoda,NA,NA,Mollusca,Animalia,Buccinum spp.Buccinumsp.,NA,Buccinum,Buccinidae,Neogastropoda,Gastropoda,NA,NA,Mollusca,Animalia,Buccinum spp.CALAPPA SULCATA,sulcata,Calappa,Calappidae,Decapoda,Malacostraca,NA,Crustacea,Arthropoda,Animalia,Calappa sulcataCALLINECTES SAPIDUS,sapidus,Callinectes,Portunidae,Decapoda,Malacostraca,NA,Crustacea,Arthropoda,Animalia,Callinectes sapidusCALLINECTES SIMILIS,similis,Callinectes,Portunidae,Decapoda,Malacostraca,NA,Crustacea,Arthropoda,Animalia,Callinectes similisCancer magister,magister,Metacarcinus,Cancridae,Decapoda,Malacostraca,NA,Crustacea,Arthropoda,Animalia,Metacarcinus magisterCancermagister,magister,Metacarcinus,Cancridae,Decapoda,Malacostraca,NA,Crustacea,Arthropoda,Animalia,Metacarcinus magisterCancer oregonensis,oregonensis,Glebocarcinus,Cancridae,Decapoda,Malacostraca,NA,Crustacea,Arthropoda,Animalia,Glebocarcinus oregonensisCanceroregonensis,oregonensis,Glebocarcinus,Cancridae,Decapoda,Malacostraca,NA,Crustacea,Arthropoda,Animalia,Glebocarcinus oregonensisCARANX CRYSOS,crysos,Caranx,Carangidae,Perciformes,Actinopterygii,Pisces,Vertebrata,Chordata,Animalia,Caranx crysosCareproctusmelanurus,melanurus,Careproctus,Liparidae,Scorpaeniformes,Actinopterygii,Pisces,Vertebrata,Chordata,Animalia,Careproctus melanurusCareproctussp.,NA,Careproctus,Liparidae,Scorpaeniformes,Actinopterygii,Pisces,Vertebrata,Chordata,Animalia,Careproctus spp.CAULOLATILUS INTERMEDIUS,intermedius,Caulolatilus,Malacanthidae,Perciformes,Actinopterygii,Pisces,Vertebrata,Chordata,Animalia,Caulolatilus intermediusCENTROPRISTIS PHILADELPHICUS,philadelphica,Centropristis,Serranidae,Perciformes,Actinopterygii,Pisces,Vertebrata,Chordata,Animalia,Centropristis philadelphicaCentropristis striata,striata,Centropristis,Serranidae,Perciformes,Actinopterygii,Pisces,Vertebrata,Chordata,Animalia,Centropristis striataCENTROSCYLLIUM FABRICII,fabricii,Centroscyllium,Etmopteridae,Squaliformes,Elasmobranchii,Pisces,Vertebrata,Chordata,Animalia,Centroscyllium fabriciiCEPHALOPODA,NA,NA,NA,NA,NA,NA,NA,Mollusca,Animalia,Cephalopoda spp.CHAETODIPTERUS FABER,faber,Chaetodipterus,Ephippidae,Perciformes,Actinopterygii,Pisces,Vertebrata,Chordata,Animalia,Chaetodipterus faberCHAULIODUS SLOANI,sloani,Chauliodus,Stomiidae,Stomiiformes,Actinopterygii,Pisces,Vertebrata,Chordata,Animalia,Chauliodus sloaniChauliodusmacouni,macouni,Chauliodus,Stomiidae,Stomiiformes,Actinopterygii,Pisces,Vertebrata,Chordata,Animalia,Chauliodus macouniCHIASMODON NIGER,niger,Chiasmodon,Chiasmodontidae,Perciformes,Actinopterygii,Pisces,Vertebrata,Chordata,Animalia,Chiasmodon nigerChilara taylori,taylori,Chilara,Ophidiidae,Ophidiiformes,Actinopterygii,Pisces,Vertebrata,Chordata,Animalia,Chilara tayloriCHIONOECETES OPILIO,opilio,Chionoecetes,Oregoniidae,Decapoda,Malacostraca,NA,Crustacea,Arthropoda,Animalia,Chionoecetes opilioChionoecetes bairdi,bairdi,Chionoecetes,Oregoniidae,Decapoda,Malacostraca,NA,Crustacea,Arthropoda,Animalia,Chionoecetes bairdiChionoecetesbairdi,bairdi,Chionoecetes,Oregoniidae,Decapoda,Malacostraca,NA,Crustacea,Arthropoda,Animalia,Chionoecetes bairdiChionoecetes hybrid,NA,Chionoecetes,Oregoniidae,Decapoda,Malacostraca,NA,Crustacea,Arthropoda,Animalia,Chionoecetes spp.Chionoeceteshybrid,NA,Chionoecetes,Oregoniidae,Decapoda,Malacostraca,NA,Crustacea,Arthropoda,Animalia,Chionoecetes spp.Chionoecetes opilio,opilio,Chionoecetes,Oregoniidae,Decapoda,Malacostraca,NA,Crustacea,Arthropoda,Animalia,Chionoecetes opilioChionoecetesopilio,opilio,Chionoecetes,Oregoniidae,Decapoda,Malacostraca,NA,Crustacea,Arthropoda,Animalia,Chionoecetes opilioCHLAMYS ISLANDICA,islandica,Chlamys,Pectinidae,Pectinoida,Bivalvia,NA,NA,Mollusca,Animalia,Chlamys islandicaChlamyssp,NA,Chlamys,Pectinidae,Pectinoida,Bivalvia,NA,NA,Mollusca,Animalia,Chlamys spp.Chlamyssp.,NA,Chlamys,Pectinidae,Pectinoida,Bivalvia,NA,NA,Mollusca,Animalia,Chlamys spp.CHLOROSCOMBRUS CHRYSURUS,chrysurus,Chloroscombrus,Carangidae,Perciformes,Actinopterygii,Pisces,Vertebrata,Chordata,Animalia,Chloroscombrus chrysurusCITHARICHTHYS MACROPS,macrops,Citharichthys,Paralichthyidae,Pleuronectiformes,Actinopterygii,Pisces,Vertebrata,Chordata,Animalia,Citharichthys macropsCitharichthys sordidus,sordidus,Citharichthys,Paralichthyidae,Pleuronectiformes,Actinopterygii,Pisces,Vertebrata,Chordata,Animalia,Citharichthys sordidusCITHARICHTHYS SPILOPTERUS,spilopterus,Citharichthys,Paralichthyidae,Pleuronectiformes,Actinopterygii,Pisces,Vertebrata,Chordata,Animalia,Citharichthys spilopterusClinopegma magnum,magnum,Clinopegma,Buccinidae,Neogastropoda,Gastropoda,NA,NA,Mollusca,Animalia,Clinopegma magnumClinopegmamagnum,magnum,Clinopegma,Buccinidae,Neogastropoda,Gastropoda,NA,NA,Mollusca,Animalia,Clinopegma magnumCLUPEA HARENGUS,harengus,Clupea,Clupeidae,Clupeiformes,Actinopterygii,Pisces,Vertebrata,Chordata,Animalia,Clupea harengusClupea harengus,harengus,Clupea,Clupeidae,Clupeiformes,Actinopterygii,Pisces,Vertebrata,Chordata,Animalia,Clupea harengusClupea pallasi,pallasii,Clupea,Clupeidae,Clupeiformes,Actinopterygii,Pisces,Vertebrata,Chordata,Animalia,Clupea pallasiiClupeapallasi,pallasii,Clupea,Clupeidae,Clupeiformes,Actinopterygii,Pisces,Vertebrata,Chordata,Animalia,Clupea pallasiiColus sp.,NA,Colus,Buccinidae,Neogastropoda,Gastropoda,NA,NA,Mollusca,Animalia,Colus spp.Colussp.,NA,Colus,Buccinidae,Neogastropoda,Gastropoda,NA,NA,Mollusca,Animalia,Colus spp.CORYPHAENOIDES RUPESTRIS,rupestris,Coryphaenoides,Macrouridae,Gadiformes,Actinopterygii,Pisces,Vertebrata,Chordata,Animalia,Coryphaenoides rupestrisCOTTUNCULUS MICROPS,microps,Cottunculus,Psychrolutidae,Scorpaeniformes,Actinopterygii,Pisces,Vertebrata,Chordata,Animalia,Cottunculus micropsCrangon sp.,NA,Crangon,Crangonidae,Decapoda,Malacostraca,NA,Crustacea,Arthropoda,Animalia,Crangon spp.Crangonsp.,NA,Crangon,Crangonidae,Decapoda,Malacostraca,NA,Crustacea,Arthropoda,Animalia,Crangon spp.CRYPTACANTHODES MACULATUS,maculatus,Cryptacanthodes,Cryptacanthodidae,Perciformes,Actinopterygii,Pisces,Vertebrata,Chordata,Animalia,Cryptacanthodes maculatusCryptacanthodesgiganteus,giganteus,Cryptacanthodes,Cryptacanthodidae,Perciformes,Actinopterygii,Pisces,Vertebrata,Chordata,Animalia,Cryptacanthodes giganteusCtenodiscus crispatus,crispatus,Ctenodiscus,Ctenodiscidae,Paxillosida,Asteroidea,NA,Asterozoa,Echinodermata,Animalia,Ctenodiscus crispatusCtenodiscuscrispatus,crispatus,Ctenodiscus,Ctenodiscidae,Paxillosida,Asteroidea,NA,Asterozoa,Echinodermata,Animalia,Ctenodiscus crispatusCYCLOPSETTA CHITTENDENI,chittendeni,Cyclopsetta,Paralichthyidae,Pleuronectiformes,Actinopterygii,Pisces,Vertebrata,Chordata,Animalia,Cyclopsetta chittendeniCYCLOPTERUS LUMPUS,lumpus,Cyclopterus,Cyclopteridae,Scorpaeniformes,Actinopterygii,Pisces,Vertebrata,Chordata,Animalia,Cyclopterus lumpusCYNOSCION,NA,Cynoscion,Sciaenidae,Perciformes,Actinopterygii,Pisces,Vertebrata,Chordata,Animalia,Cynoscion spp.Dasycottus setiger,setiger,Dasycottus,Psychrolutidae,Scorpaeniformes,Actinopterygii,Pisces,Vertebrata,Chordata,Animalia,Dasycottus setigerDasycottussetiger,setiger,Dasycottus,Psychrolutidae,Scorpaeniformes,Actinopterygii,Pisces,Vertebrata,Chordata,Animalia,Dasycottus setigerDecapodiformes,NA,NA,NA,NA,Cephalopoda,NA,NA,Mollusca,Animalia,Decapodiformes spp.DIPLECTRUM BIVITTATUM,bivittatum,Diplectrum,Serranidae,Perciformes,Actinopterygii,Pisces,Vertebrata,Chordata,Animalia,Diplectrum bivittatumDIPLECTRUM FORMOSUM,formosum,Diplectrum,Serranidae,Perciformes,Actinopterygii,Pisces,Vertebrata,Chordata,Animalia,Diplectrum formosumDoryteuthis (Amerigo) pealeii,pealeii,Doryteuthis,Loliginidae,Myopsida,Cephalopoda,NA,NA,Mollusca,Animalia,Doryteuthis pealeiiECHINOIDEA,NA,NA,NA,NA,Echinoidea ,NA,Echinozoa,Echinodermata,Animalia,Echinoidea spp.ENCHELYOPUS CIMBRIUS,cimbrius,Enchelyopus,Lotidae,Gadiformes,Actinopterygii,Pisces,Vertebrata,Chordata,Animalia,Enchelyopus cimbriusEngraulis mordax,mordax,Engraulis,Engraulidae,Clupeiformes,Actinopterygii,Pisces,Vertebrata,Chordata,Animalia,Engraulis mordaxENGYOPHRYS SENTA,senta,Engyophrys,Bothidae,Pleuronectiformes,Actinopterygii,Pisces,Vertebrata,Chordata,Animalia,Engyophrys sentaEopsetta jordani,jordani,Eopsetta,Pleuronectidae,Pleuronectiformes,Actinopterygii,Pisces,Vertebrata,Chordata,Animalia,Eopsetta jordaniEopsettajordani,jordani,Eopsetta,Pleuronectidae,Pleuronectiformes,Actinopterygii,Pisces,Vertebrata,Chordata,Animalia,Eopsetta jordaniEQUETUS UMBROSUS,umbrosus,Pareques,Sciaenidae,Perciformes,Actinopterygii,Pisces,Vertebrata,Chordata,Animalia,Pareques umbrosusErimacrus isenbeckii,isenbeckii,Erimacrus,Cheiragonidae,Decapoda,Malacostraca,NA,Crustacea,Arthropoda,Animalia,Erimacrus isenbeckiiErimacrusisenbeckii,isenbeckii,Erimacrus,Cheiragonidae,Decapoda,Malacostraca,NA,Crustacea,Arthropoda,Animalia,Erimacrus isenbeckiiETROPUS CROSSOTUS,crossotus,Etropus,Paralichthyidae,Pleuronectiformes,Actinopterygii,Pisces,Vertebrata,Chordata,Animalia,Etropus crossotusETRUMEUS TERES,teres,Etrumeus,Clupeidae,Clupeiformes,Actinopterygii,Pisces,Vertebrata,Chordata,Animalia,Etrumeus teresEUALUS GAIMARDII,gaimardii,Eualus,Hippolytidae,Decapoda,Malacostraca,NA,Crustacea,Arthropoda,Animalia,Eualus gaimardiiEUALUS MACILENTUS,macilentus,Eualus,Hippolytidae,Decapoda,Malacostraca,NA,Crustacea,Arthropoda,Animalia,Eualus macilentusEUCINOSTOMUS GULA,gula,Eucinostomus,Gerreidae,Perciformes,Actinopterygii,Pisces,Vertebrata,Chordata,Animalia,Eucinostomus gulaEUMESOGRAMMUS PRAECISUS,praecisus,Eumesogrammus,Stichaeidae,Perciformes,Actinopterygii,Pisces,Vertebrata,Chordata,Animalia,Eumesogrammus praecisusEUMICROTREMUS SPINOSUS,spinosus,Eumicrotremus,Cyclopteridae,Scorpaeniformes,Actinopterygii,Pisces,Vertebrata,Chordata,Animalia,Eumicrotremus spinosusEumicrotremusorbis,orbis,Eumicrotremus,Cyclopteridae,Scorpaeniformes,Actinopterygii,Pisces,Vertebrata,Chordata,Animalia,Eumicrotremus orbisFusitriton oregonensis,oregonensis,Fusitriton,Ranellidae,Littorinimorpha,Gastropoda,NA,NA,Mollusca,Animalia,Fusitriton oregonensisFusitritonoregonensis,oregonensis,Fusitriton,Ranellidae,Littorinimorpha,Gastropoda,NA,NA,Mollusca,Animalia,Fusitriton oregonensisGadus macrocephalus,macrocephalus,Gadus,Gadidae,Gadiformes,Actinopterygii,Pisces,Vertebrata,Chordata,Animalia,Gadus macrocephalusGADUS MORHUA,morhua,Gadus,Gadidae,Gadiformes,Actinopterygii,Pisces,Vertebrata,Chordata,Animalia,Gadus morhuaGadus morhua,morhua,Gadus,Gadidae,Gadiformes,Actinopterygii,Pisces,Vertebrata,Chordata,Animalia,Gadus morhuaGadusmacrocephalus,macrocephalus,Gadus,Gadidae,Gadiformes,Actinopterygii,Pisces,Vertebrata,Chordata,Animalia,Gadus macrocephalusGAIDROPSARUS  SP,NA,Gaidropsarus,Lotidae,Gadiformes,Actinopterygii,Pisces,Vertebrata,Chordata,Animalia,Gaidropsarus spp.GAIDROPSARUS  SP.,NA,Gaidropsarus,Lotidae,Gadiformes,Actinopterygii,Pisces,Vertebrata,Chordata,Animalia,Gaidropsarus spp.Gastropoda,NA,NA,NA,NA,Gastropoda,NA,NA,Mollusca,Animalia,Gastropoda spp.gastropod eggs,NA,NA,NA,NA,Gastropoda,NA,NA,Mollusca,Animalia,Gastropod eggsgastropodeggs,NA,NA,NA,NA,Gastropoda,NA,NA,Mollusca,Animalia,Gastropod eggsGenyonemus lineatus,lineatus,Genyonemus,Sciaenidae,Perciformes,Actinopterygii,Pisces,Vertebrata,Chordata,Animalia,Genyonemus lineatusGersemia sp.,NA,Gersemia,Nephtheidae,Alcyonacea,Anthozoa,NA,NA,Cnidaria,Animalia,Gersemia spp.Gersemiasp.,NA,Gersemia,Nephtheidae,Alcyonacea,Anthozoa,NA,NA,Cnidaria,Animalia,Gersemia spp.Glyptocephalus cynoglossus,cynoglossus,Glyptocephalus,Pleuronectidae,Pleuronectiformes,Actinopterygii,Pisces,Vertebrata,Chordata,Animalia,Glyptocephalus cynoglossusGLYPTOCEPHALUS CYNOGLOSSUS,cynoglossus,Glyptocephalus,Pleuronectidae,Pleuronectiformes,Actinopterygii,Pisces,Vertebrata,Chordata,Animalia,Glyptocephalus cynoglossusGlyptocephalus zachirus,zachirus,Glyptocephalus,Pleuronectidae,Pleuronectiformes,Actinopterygii,Pisces,Vertebrata,Chordata,Animalia,Glyptocephalus zachirusGlyptocephaluszachirus,zachirus,Glyptocephalus,Pleuronectidae,Pleuronectiformes,Actinopterygii,Pisces,Vertebrata,Chordata,Animalia,Glyptocephalus zachirusGONATUS  SP.,NA,Gonatus,Gonatidae,Oegopsida,Cephalopoda,NA,NA,Mollusca,Animalia,Gonatus spp.GORGONOCEPHALIDAE,NA,NA,Gorgonocephalidae,Euryalida,Ophiuroidea,NA,Asterozoa,Echinodermata,Animalia,Gorgonocephalidae spp.Gorgonocephalus eucnemis,eucnemis,Gorgonocephalus,Gorgonocephalidae,Euryalida,Ophiuroidea,NA,Asterozoa,Echinodermata,Animalia,Gorgonocephalus eucnemisGorgonocephaluseucnemis,eucnemis,Gorgonocephalus,Gorgonocephalidae,Euryalida,Ophiuroidea,NA,Asterozoa,Echinodermata,Animalia,Gorgonocephalus eucnemisGYMNACHIRUS TEXAE,texae,Gymnachirus,Achiridae,Pleuronectiformes,Actinopterygii,Pisces,Vertebrata,Chordata,Animalia,Gymnachirus texaeGYMNELIS VIRIDIS,viridis,Gymnelus,Zoarcidae,Perciformes,Actinopterygii,Pisces,Vertebrata,Chordata,Animalia,Gymnelus viridisGymnocanthusgaleatus,galeatus,Gymnocanthus,Cottidae,Scorpaeniformes,Actinopterygii,Pisces,Vertebrata,Chordata,Animalia,Gymnocanthus galeatusHAEMULON AUROLINEATUM,aurolineatum,Haemulon,Haemulidae,Perciformes,Actinopterygii,Pisces,Vertebrata,Chordata,Animalia,Haemulon aurolineatumHALIEUTICHTHYS ACULEATUS,aculeatus,Halieutichthys,Ogcocephalidae,Lophiiformes,Actinopterygii,Pisces,Vertebrata,Chordata,Animalia,Halieutichthys aculeatusHARENGULA JAGUANA,jaguana,Harengula,Clupeidae,Clupeiformes,Actinopterygii,Pisces,Vertebrata,Chordata,Animalia,Harengula jaguanaHelicolenus dactylopterus,dactylopterus,Helicolenus,Sebastidae,Scorpaeniformes,Actinopterygii,Pisces,Vertebrata,Chordata,Animalia,Helicolenus dactylopterusHemilepidotushemilepidotus,hemilepidotus,Hemilepidotus,Cottidae,Scorpaeniformes,Actinopterygii,Pisces,Vertebrata,Chordata,Animalia,Hemilepidotus hemilepidotusHemilepidotus jordani,jordani,Hemilepidotus,Cottidae,Scorpaeniformes,Actinopterygii,Pisces,Vertebrata,Chordata,Animalia,Hemilepidotus jordaniHemilepidotusjordani,jordani,Hemilepidotus,Cottidae,Scorpaeniformes,Actinopterygii,Pisces,Vertebrata,Chordata,Animalia,Hemilepidotus jordaniHemilepidotus papilio,papilio,Hemilepidotus,Cottidae,Scorpaeniformes,Actinopterygii,Pisces,Vertebrata,Chordata,Animalia,Hemilepidotus papilioHemilepidotuspapilio,papilio,Hemilepidotus,Cottidae,Scorpaeniformes,Actinopterygii,Pisces,Vertebrata,Chordata,Animalia,Hemilepidotus papilioHemilepidotuszapus,zapus,Hemilepidotus,Cottidae,Scorpaeniformes,Actinopterygii,Pisces,Vertebrata,Chordata,Animalia,Hemilepidotus zapusHemitripterus americanus,americanus,Hemitripterus,Hemitripteridae,Scorpaeniformes,Actinopterygii,Pisces,Vertebrata,Chordata,Animalia,Hemitripterus americanusHEMITRIPTERUS AMERICANUS,americanus,Hemitripterus,Hemitripteridae,Scorpaeniformes,Actinopterygii,Pisces,Vertebrata,Chordata,Animalia,Hemitripterus americanusHemitripterus bolini,bolini,Hemitripterus,Hemitripteridae,Scorpaeniformes,Actinopterygii,Pisces,Vertebrata,Chordata,Animalia,Hemitripterus boliniHemitripterusbolini,bolini,Hemitripterus,Hemitripteridae,Scorpaeniformes,Actinopterygii,Pisces,Vertebrata,Chordata,Animalia,Hemitripterus boliniHEPATUS EPHELITICUS,epheliticus,Hepatus,Aethridae,Decapoda,Malacostraca,NA,Crustacea,Arthropoda,Animalia,Hepatus epheliticusHexagrammosdecagrammus,decagrammus,Hexagrammos,Hexagrammidae,Scorpaeniformes,Actinopterygii,Pisces,Vertebrata,Chordata,Animalia,Hexagrammos decagrammusHexagrammos stelleri,stelleri,Hexagrammos,Hexagrammidae,Scorpaeniformes,Actinopterygii,Pisces,Vertebrata,Chordata,Animalia,Hexagrammos stelleriHexagrammosstelleri,stelleri,Hexagrammos,Hexagrammidae,Scorpaeniformes,Actinopterygii,Pisces,Vertebrata,Chordata,Animalia,Hexagrammos stelleriHILDEBRANDIA FLAVA,flavus,Rhynchoconger,Congridae,Anguilliformes,Actinopterygii,Pisces,Vertebrata,Chordata,Animalia,Rhynchoconger flavusHippoglossina oblonga,oblonga,Hippoglossina,Paralichthyidae,Pleuronectiformes,Actinopterygii,Pisces,Vertebrata,Chordata,Animalia,Hippoglossina oblongaHippoglossoides elassodon,elassodon,Hippoglossoides,Pleuronectidae,Pleuronectiformes,Actinopterygii,Pisces,Vertebrata,Chordata,Animalia,Hippoglossoides elassodonHIPPOGLOSSOIDES PLATESSOIDES,platessoides,Hippoglossoides,Pleuronectidae,Pleuronectiformes,Actinopterygii,Pisces,Vertebrata,Chordata,Animalia,Hippoglossoides platessoidesHippoglossoides platessoides,platessoides,Hippoglossoides,Pleuronectidae,Pleuronectiformes,Actinopterygii,Pisces,Vertebrata,Chordata,Animalia,Hippoglossoides platessoidesHippoglossoideselassodon,elassodon,Hippoglossoides,Pleuronectidae,Pleuronectiformes,Actinopterygii,Pisces,Vertebrata,Chordata,Animalia,Hippoglossoides elassodonHippoglossoidessp,NA,Hippoglossoides,Pleuronectidae,Pleuronectiformes,Actinopterygii,Pisces,Vertebrata,Chordata,Animalia,Hippoglossoides spp.Hippoglossoides sp.,NA,Hippoglossoides,Pleuronectidae,Pleuronectiformes,Actinopterygii,Pisces,Vertebrata,Chordata,Animalia,Hippoglossoides spp.Hippoglossoidessp.,NA,Hippoglossoides,Pleuronectidae,Pleuronectiformes,Actinopterygii,Pisces,Vertebrata,Chordata,Animalia,Hippoglossoides spp.Hippoglossus hippoglossus,hippoglossus,Hippoglossus,Pleuronectidae,Pleuronectiformes,Actinopterygii,Pisces,Vertebrata,Chordata,Animalia,Hippoglossus hippoglossusHIPPOGLOSSUS HIPPOGLOSSUS,hippoglossus,Hippoglossus,Pleuronectidae,Pleuronectiformes,Actinopterygii,Pisces,Vertebrata,Chordata,Animalia,Hippoglossus hippoglossusHippoglossus stenolepis,stenolepis,Hippoglossus,Pleuronectidae,Pleuronectiformes,Actinopterygii,Pisces,Vertebrata,Chordata,Animalia,Hippoglossus stenolepisHippoglossusstenolepis,stenolepis,Hippoglossus,Pleuronectidae,Pleuronectiformes,Actinopterygii,Pisces,Vertebrata,Chordata,Animalia,Hippoglossus stenolepisHolothuroidea,NA,NA,NA,NA,NA,NA,Echinozoa,Echinodermata,Animalia,Holothuroidea spp.HOLOTHUROIDEA,NA,NA,NA,NA,NA,NA,Echinozoa,Echinodermata,Animalia,Holothuroidea spp.Homarus americanus,americanus,Homarus,Nephropidae,Decapoda,Malacostraca,NA,Crustacea,Arthropoda,Animalia,Homarus americanusHOPLUNNIS MACRURUS,macrura,Hoplunnis,Nettastomatidae,Anguilliformes,Actinopterygii,Pisces,Vertebrata,Chordata,Animalia,Hoplunnis macruraHYAS  SP,NA,Hyas,Oregoniidae,Decapoda,Malacostraca,NA,Crustacea,Arthropoda,Animalia,Hyas spp.HYAS  SP.,NA,Hyas,Oregoniidae,Decapoda,Malacostraca,NA,Crustacea,Arthropoda,Animalia,Hyas spp.Hyas coarctatus,coarctatus,Hyas,Oregoniidae,Decapoda,Malacostraca,NA,Crustacea,Arthropoda,Animalia,Hyas coarctatusHyascoarctatus,coarctatus,Hyas,Oregoniidae,Decapoda,Malacostraca,NA,Crustacea,Arthropoda,Animalia,Hyas coarctatusHyas lyratus,lyratus,Hyas,Oregoniidae,Decapoda,Malacostraca,NA,Crustacea,Arthropoda,Animalia,Hyas lyratusHyaslyratus,lyratus,Hyas,Oregoniidae,Decapoda,Malacostraca,NA,Crustacea,Arthropoda,Animalia,Hyas lyratusHydrolagus colliei,colliei,Hydrolagus,Chimaeridae,Chimaeriformes,Holocephali,Pisces,Vertebrata,Chordata,Animalia,Hydrolagus collieiHydrolaguscolliei,colliei,Hydrolagus,Chimaeridae,Chimaeriformes,Holocephali,Pisces,Vertebrata,Chordata,Animalia,Hydrolagus collieiIcelinus filamentosus,filamentosus,Icelinus,Cottidae,Scorpaeniformes,Actinopterygii,Pisces,Vertebrata,Chordata,Animalia,Icelinus filamentosusICELUS SPATULA,spatula,Icelus,Cottidae,Scorpaeniformes,Actinopterygii,Pisces,Vertebrata,Chordata,Animalia,Icelus spatulaIcelus spiniger,spiniger,Icelus,Cottidae,Scorpaeniformes,Actinopterygii,Pisces,Vertebrata,Chordata,Animalia,Icelus spinigerIcelusspiniger,spiniger,Icelus,Cottidae,Scorpaeniformes,Actinopterygii,Pisces,Vertebrata,Chordata,Animalia,Icelus spinigerILLEX ILLECEBROSUS,illecebrosus,Illex,Ommastrephidae,Oegopsida,Cephalopoda,NA,NA,Mollusca,Animalia,Illex illecebrosusIllex illecebrosus,illecebrosus,Illex,Ommastrephidae,Oegopsida,Cephalopoda,NA,NA,Mollusca,Animalia,Illex illecebrosusIsopsetta isolepis,isolepis,Isopsetta,Pleuronectidae,Pleuronectiformes,Actinopterygii,Pisces,Vertebrata,Chordata,Animalia,Isopsetta isolepisIsopsettaisolepis,isolepis,Isopsetta,Pleuronectidae,Pleuronectiformes,Actinopterygii,Pisces,Vertebrata,Chordata,Animalia,Isopsetta isolepisKATHETOSTOMA ALBIGUTTA,albigutta,Kathetostoma,Uranoscopidae,Perciformes,Actinopterygii,Pisces,Vertebrata,Chordata,Animalia,Kathetostoma albiguttaLAGOCEPHALUS LAEVIGATUS,laevigatus,Lagocephalus,Tetraodontidae,Tetraodontiformes,Actinopterygii,Pisces,Vertebrata,Chordata,Animalia,Lagocephalus laevigatusLAGODON RHOMBOIDES,rhomboides,Lagodon,Sparidae,Perciformes,Actinopterygii,Pisces,Vertebrata,Chordata,Animalia,Lagodon rhomboidesLARIMUS FASCIATUS,fasciatus,Larimus,Sciaenidae,Perciformes,Actinopterygii,Pisces,Vertebrata,Chordata,Animalia,Larimus fasciatusLEBBEUS GROENLANDICUS,groenlandicus,Lebbeus,Hippolytidae,Decapoda,Malacostraca,NA,Crustacea,Arthropoda,Animalia,Lebbeus groenlandicusLEBBEUS POLARIS,polaris,Lebbeus,Hippolytidae,Decapoda,Malacostraca,NA,Crustacea,Arthropoda,Animalia,Lebbeus polarisLEIOSTOMUS XANTHURUS,xanthurus,Leiostomus,Sciaenidae,Perciformes,Actinopterygii,Pisces,Vertebrata,Chordata,Animalia,Leiostomus xanthurusLepidopsetta sp,NA,Lepidopsetta,Pleuronectidae,Pleuronectiformes,Actinopterygii,Pisces,Vertebrata,Chordata,Animalia,Lepidopsetta spp.Lepidopsetta sp.,NA,Lepidopsetta,Pleuronectidae,Pleuronectiformes,Actinopterygii,Pisces,Vertebrata,Chordata,Animalia,Lepidopsetta spp.Lepidopsettasp,NA,Lepidopsetta,Pleuronectidae,Pleuronectiformes,Actinopterygii,Pisces,Vertebrata,Chordata,Animalia,Lepidopsetta spp.Lepidopsettasp.,NA,Lepidopsetta,Pleuronectidae,Pleuronectiformes,Actinopterygii,Pisces,Vertebrata,Chordata,Animalia,Lepidopsetta spp.LEPOPHIDIUM BREVIBARBE,brevibarbe,Lepophidium,Ophidiidae,Ophidiiformes,Actinopterygii,Pisces,Vertebrata,Chordata,Animalia,Lepophidium brevibarbeLEPOPHIDIUM JEANNAE,jeannae,Lepophidium,Ophidiidae,Ophidiiformes,Actinopterygii,Pisces,Vertebrata,Chordata,Animalia,Lepophidium jeannaeLepophidium profundorum,profundorum,Lepophidium,Ophidiidae,Ophidiiformes,Actinopterygii,Pisces,Vertebrata,Chordata,Animalia,Lepophidium profundorumLeptagonus frenatus,frenatus,Sarritor,Agonidae,Scorpaeniformes,Actinopterygii,Pisces,Vertebrata,Chordata,Animalia,Sarritor frenatusLeptagonusfrenatus,frenatus,Sarritor,Agonidae,Scorpaeniformes,Actinopterygii,Pisces,Vertebrata,Chordata,Animalia,Sarritor frenatusLeptocottus armatus,armatus,Leptocottus,Cottidae,Scorpaeniformes,Actinopterygii,Pisces,Vertebrata,Chordata,Animalia,Leptocottus armatusLEUCORAJA OCELLATA,ocellata,Leucoraja,Rajidae,Rajiformes,Elasmobranchii,Pisces,Vertebrata,Chordata,Animalia,Leucoraja ocellataLeucoraja ocellata,ocellata,Leucoraja,Rajidae,Rajiformes,Elasmobranchii,Pisces,Vertebrata,Chordata,Animalia,Leucoraja ocellataLeuroglossusschmidti,schmidti,Leuroglossus,Bathylagidae,Osmeriformes,Actinopterygii,Pisces,Vertebrata,Chordata,Animalia,Leuroglossus schmidtiLimanda ferruginea,ferruginea,Limanda,Pleuronectidae,Pleuronectiformes,Actinopterygii,Pisces,Vertebrata,Chordata,Animalia,Limanda ferrugineaLIMANDA FERRUGINEA,ferruginea,Limanda,Pleuronectidae,Pleuronectiformes,Actinopterygii,Pisces,Vertebrata,Chordata,Animalia,Limanda ferrugineaLimanda aspera,aspera,Limanda,Pleuronectidae,Pleuronectiformes,Actinopterygii,Pisces,Vertebrata,Chordata,Animalia,Limanda asperaLimandaaspera,aspera,Limanda,Pleuronectidae,Pleuronectiformes,Actinopterygii,Pisces,Vertebrata,Chordata,Animalia,Limanda asperaLimanda proboscidea,proboscidea,Limanda,Pleuronectidae,Pleuronectiformes,Actinopterygii,Pisces,Vertebrata,Chordata,Animalia,Limanda proboscideaLimandaproboscidea,proboscidea,Limanda,Pleuronectidae,Pleuronectiformes,Actinopterygii,Pisces,Vertebrata,Chordata,Animalia,Limanda proboscideaLiparidae,NA,NA,Liparidae,Scorpaeniformes,Actinopterygii,Pisces,Vertebrata,Chordata,Animalia,Liparidae spp.LIPARIDAE,NA,NA,Liparidae,Scorpaeniformes,Actinopterygii,Pisces,Vertebrata,Chordata,Animalia,Liparidae spp.LITHODES MAJA,maja,Lithodes,Lithodidae,Decapoda,Malacostraca,NA,Crustacea,Arthropoda,Animalia,Lithodes majaLithodesaequispinus,aequispinus,Lithodes,Lithodidae,Decapoda,Malacostraca,NA,Crustacea,Arthropoda,Animalia,Lithodes aequispinusLITHODIDAE,NA,NA,Lithodidae,Decapoda,Malacostraca,NA,Crustacea,Arthropoda,Animalia,Lithodidae spp.Loligo opalescens,opalescens,Loligo,Loliginidae,Myopsida,Cephalopoda,NA,NA,Mollusca,Animalia,Loligo opalescensLOLIGO PEALEII,pealeii,Loligo,Loliginidae,Myopsida,Cephalopoda,NA,NA,Mollusca,Animalia,Loligo pealeiiLOLIGO PLEII,pleii,Loligo,Loliginidae,Myopsida,Cephalopoda,NA,NA,Mollusca,Animalia,Loligo pleiiLOLLIGUNCULA BREVIS,brevis,Lolliguncula,Loliginidae,Myopsida,Cephalopoda,NA,NA,Mollusca,Animalia,Lolliguncula brevisLophius americanus,americanus,Lophius,Lophiidae,Lophiiformes,Actinopterygii,Pisces,Vertebrata,Chordata,Animalia,Lophius americanusLOPHIUS AMERICANUS,americanus,Lophius,Lophiidae,Lophiiformes,Actinopterygii,Pisces,Vertebrata,Chordata,Animalia,Lophius americanusLopholithodes foraminatus,foraminatus,Lopholithodes,Lithodidae,Decapoda,Malacostraca,NA,Crustacea,Arthropoda,Animalia,Lopholithodes foraminatusLopholithodesforaminatus,foraminatus,Lopholithodes,Lithodidae,Decapoda,Malacostraca,NA,Crustacea,Arthropoda,Animalia,Lopholithodes foraminatusLumpenellalongirostris,longirostris,Lumpenella,Stichaeidae,Perciformes,Actinopterygii,Pisces,Vertebrata,Chordata,Animalia,Lumpenella longirostrisLUMPENUS LUMPRETAEFORMIS,lampretaeformis,Lumpenus,Stichaeidae,Perciformes,Actinopterygii,Pisces,Vertebrata,Chordata,Animalia,Lumpenus lampretaeformisLUMPENUS MACULATUS,maculatus,Leptoclinus,Stichaeidae,Perciformes,Actinopterygii,Pisces,Vertebrata,Chordata,Animalia,Leptoclinus maculatusLumpenus maculatus,maculatus,Leptoclinus,Stichaeidae,Perciformes,Actinopterygii,Pisces,Vertebrata,Chordata,Animalia,Leptoclinus maculatusLumpenusmaculatus,maculatus,Leptoclinus,Stichaeidae,Perciformes,Actinopterygii,Pisces,Vertebrata,Chordata,Animalia,Leptoclinus maculatusLumpenussagitta,sagitta,Lumpenus,Stichaeidae,Perciformes,Actinopterygii,Pisces,Vertebrata,Chordata,Animalia,Lumpenus sagittaLUTJANUS CAMPECHANUS,campechanus,Lutjanus,Lutjanidae,Perciformes,Actinopterygii,Pisces,Vertebrata,Chordata,Animalia,Lutjanus campechanusLUTJANUS SYNAGRIS,synagris,Lutjanus,Lutjanidae,Perciformes,Actinopterygii,Pisces,Vertebrata,Chordata,Animalia,Lutjanus synagrisLYCENCHELYS  SP.,NA,Lycenchelys,Zoarcidae,Perciformes,Actinopterygii,Pisces,Vertebrata,Chordata,Animalia,Lycenchelys spp.Lycodes cortezianus,cortezianus,Lycodes,Zoarcidae,Perciformes,Actinopterygii,Pisces,Vertebrata,Chordata,Animalia,Lycodes cortezianusLycodes diapterus,diapterus,Lycodes,Zoarcidae,Perciformes,Actinopterygii,Pisces,Vertebrata,Chordata,Animalia,Lycodes diapterusLYCODES ESMARKI,esmarkii,Lycodes,Zoarcidae,Perciformes,Actinopterygii,Pisces,Vertebrata,Chordata,Animalia,Lycodes esmarkiiLYCODES RETICULATUS,reticulatus,Lycodes,Zoarcidae,Perciformes,Actinopterygii,Pisces,Vertebrata,Chordata,Animalia,Lycodes reticulatusLYCODES VAHLII,vahlii,Lycodes,Zoarcidae,Perciformes,Actinopterygii,Pisces,Vertebrata,Chordata,Animalia,Lycodes vahliiLycodes brevipes,brevipes,Lycodes,Zoarcidae,Perciformes,Actinopterygii,Pisces,Vertebrata,Chordata,Animalia,Lycodes brevipesLycodesbrevipes,brevipes,Lycodes,Zoarcidae,Perciformes,Actinopterygii,Pisces,Vertebrata,Chordata,Animalia,Lycodes brevipesLycodesconcolor,concolor,Lycodes,Zoarcidae,Perciformes,Actinopterygii,Pisces,Vertebrata,Chordata,Animalia,Lycodes concolorLycodesdiapterus,diapterus,Lycodes,Zoarcidae,Perciformes,Actinopterygii,Pisces,Vertebrata,Chordata,Animalia,Lycodes diapterusLycodes palearis,palearis,Lycodes,Zoarcidae,Perciformes,Actinopterygii,Pisces,Vertebrata,Chordata,Animalia,Lycodes palearisLycodespalearis,palearis,Lycodes,Zoarcidae,Perciformes,Actinopterygii,Pisces,Vertebrata,Chordata,Animalia,Lycodes palearisLycodes raridens,raridens,Lycodes,Zoarcidae,Perciformes,Actinopterygii,Pisces,Vertebrata,Chordata,Animalia,Lycodes raridensLycodesraridens,raridens,Lycodes,Zoarcidae,Perciformes,Actinopterygii,Pisces,Vertebrata,Chordata,Animalia,Lycodes raridensLyopsetta exilis,exilis,Lyopsetta,Pleuronectidae,Pleuronectiformes,Actinopterygii,Pisces,Vertebrata,Chordata,Animalia,Lyopsetta exilisLyopsettaexilis,exilis,Lyopsetta,Pleuronectidae,Pleuronectiformes,Actinopterygii,Pisces,Vertebrata,Chordata,Animalia,Lyopsetta exilisMACROURUS BERGLAX,berglax,Macrourus,Macrouridae,Gadiformes,Actinopterygii,Pisces,Vertebrata,Chordata,Animalia,Macrourus berglaxMACROZOARCES AMERICANUS,americanus,Zoarces,Zoarcidae,Perciformes,Actinopterygii,Pisces,Vertebrata,Chordata,Animalia,Zoarces americanusMalacocottuszonurus,zonurus,Malacocottus,Psychrolutidae,Scorpaeniformes,Actinopterygii,Pisces,Vertebrata,Chordata,Animalia,Malacocottus zonurusMalacoraja senta,senta,Malacoraja,Rajidae,Rajiformes,Elasmobranchii,Pisces,Vertebrata,Chordata,Animalia,Malacoraja sentaMALACORAJA SENTA,senta,Malacoraja,Rajidae,Rajiformes,Elasmobranchii,Pisces,Vertebrata,Chordata,Animalia,Malacoraja sentaMALACOSTEUS NIGER,niger,Malacosteus,Stomiidae,Stomiiformes,Actinopterygii,Pisces,Vertebrata,Chordata,Animalia,Malacosteus nigerMALLOTUS VILLOSUS,villosus,Mallotus,Osmeridae,Osmeriformes,Actinopterygii,Pisces,Vertebrata,Chordata,Animalia,Mallotus villosusMallotus villosus,villosus,Mallotus,Osmeridae,Osmeriformes,Actinopterygii,Pisces,Vertebrata,Chordata,Animalia,Mallotus villosusMallotusvillosus,villosus,Mallotus,Osmeridae,Osmeriformes,Actinopterygii,Pisces,Vertebrata,Chordata,Animalia,Mallotus villosusMELANOGRAMMUS AEGLEFINUS,aeglefinus,Melanogrammus,Gadidae,Gadiformes,Actinopterygii,Pisces,Vertebrata,Chordata,Animalia,Melanogrammus aeglefinusMelanogrammus aeglefinus,aeglefinus,Melanogrammus,Gadidae,Gadiformes,Actinopterygii,Pisces,Vertebrata,Chordata,Animalia,Melanogrammus aeglefinusMENTICIRRHUS AMERICANUS,americanus,Menticirrhus,Sciaenidae,Perciformes,Actinopterygii,Pisces,Vertebrata,Chordata,Animalia,Menticirrhus americanusMerluccius albidus,albidus,Merluccius,Merlucciidae,Gadiformes,Actinopterygii,Pisces,Vertebrata,Chordata,Animalia,Merluccius albidusMERLUCCIUS BILINEARIS,bilinearis,Merluccius,Merlucciidae,Gadiformes,Actinopterygii,Pisces,Vertebrata,Chordata,Animalia,Merluccius bilinearisMerluccius bilinearis,bilinearis,Merluccius,Merlucciidae,Gadiformes,Actinopterygii,Pisces,Vertebrata,Chordata,Animalia,Merluccius bilinearisMerluccius productus,productus,Merluccius,Merlucciidae,Gadiformes,Actinopterygii,Pisces,Vertebrata,Chordata,Animalia,Merluccius productusMetridiumsp.,NA,Metridium,Metridiidae,Actiniaria,Anthozoa,NA,NA,Cnidaria,Animalia,Metridium spp.Microgadus proximus,proximus,Microgadus,Gadidae,Gadiformes,Actinopterygii,Pisces,Vertebrata,Chordata,Animalia,Microgadus proximusMicrogadusproximus,proximus,Microgadus,Gadidae,Gadiformes,Actinopterygii,Pisces,Vertebrata,Chordata,Animalia,Microgadus proximusMICROPOGONIAS UNDULATUS,undulatus,Micropogonias,Sciaenidae,Perciformes,Actinopterygii,Pisces,Vertebrata,Chordata,Animalia,Micropogonias undulatusMicrostomus pacificus,pacificus,Microstomus,Pleuronectidae,Pleuronectiformes,Actinopterygii,Pisces,Vertebrata,Chordata,Animalia,Microstomus pacificusMicrostomuspacificus,pacificus,Microstomus,Pleuronectidae,Pleuronectiformes,Actinopterygii,Pisces,Vertebrata,Chordata,Animalia,Microstomus pacificusMONACANTHUS HISPIDUS,hispidus,Stephanolepis,Monacanthidae,Tetraodontiformes,Actinopterygii,Pisces,Vertebrata,Chordata,Animalia,Stephanolepis hispidusMULLUS AURATUS,auratus,Mullus,Mullidae,Perciformes,Actinopterygii,Pisces,Vertebrata,Chordata,Animalia,Mullus auratusMyctophidae,NA,NA,Myctophidae,Myctophiformes,Actinopterygii,Pisces,Vertebrata,Chordata,Animalia,Myctophidae spp.MYCTOPHIDAE,NA,NA,Myctophidae,Myctophiformes,Actinopterygii,Pisces,Vertebrata,Chordata,Animalia,Myctophidae spp.MYOXOCEPHALUS OCTODECEMSPINOSUS,octodecemspinosus,Myoxocephalus,Cottidae,Scorpaeniformes,Actinopterygii,Pisces,Vertebrata,Chordata,Animalia,Myoxocephalus octodecemspinosusMyoxocephalus octodecemspinosus,octodecemspinosus,Myoxocephalus,Cottidae,Scorpaeniformes,Actinopterygii,Pisces,Vertebrata,Chordata,Animalia,Myoxocephalus octodecemspinosusMYOXOCEPHALUS SCORPIUS,scorpius,Myoxocephalus,Cottidae,Scorpaeniformes,Actinopterygii,Pisces,Vertebrata,Chordata,Animalia,Myoxocephalus scorpiusMyoxocephalussp,NA,Myoxocephalus,Cottidae,Scorpaeniformes,Actinopterygii,Pisces,Vertebrata,Chordata,Animalia,Myoxocephalus spp.Myoxocephalus sp.,NA,Myoxocephalus,Cottidae,Scorpaeniformes,Actinopterygii,Pisces,Vertebrata,Chordata,Animalia,Myoxocephalus spp.Myoxocephalussp.,NA,Myoxocephalus,Cottidae,Scorpaeniformes,Actinopterygii,Pisces,Vertebrata,Chordata,Animalia,Myoxocephalus spp.NEMICHTHYS SCOLOPACEUS,scolopaceus,Nemichthys,Nemichthyidae,Anguilliformes,Actinopterygii,Pisces,Vertebrata,Chordata,Animalia,Nemichthys scolopaceusNeptunea borealis,borealis,Neptunea,Buccinidae,Neogastropoda,Gastropoda,NA,NA,Mollusca,Animalia,Neptunea borealisNeptuneaborealis,borealis,Neptunea,Buccinidae,Neogastropoda,Gastropoda,NA,NA,Mollusca,Animalia,Neptunea borealisNeptunea heros,heros,Neptunea,Buccinidae,Neogastropoda,Gastropoda,NA,NA,Mollusca,Animalia,Neptunea herosNeptuneaheros,heros,Neptunea,Buccinidae,Neogastropoda,Gastropoda,NA,NA,Mollusca,Animalia,Neptunea herosNeptunea lyrata,lyrata,Neptunea,Buccinidae,Neogastropoda,Gastropoda,NA,NA,Mollusca,Animalia,Neptunea lyrataNeptunealyrata,lyrata,Neptunea,Buccinidae,Neogastropoda,Gastropoda,NA,NA,Mollusca,Animalia,Neptunea lyrataNeptunea pribiloffensis,pribiloffensis,Neptunea,Buccinidae,Neogastropoda,Gastropoda,NA,NA,Mollusca,Animalia,Neptunea pribiloffensisNeptuneapribiloffensis,pribiloffensis,Neptunea,Buccinidae,Neogastropoda,Gastropoda,NA,NA,Mollusca,Animalia,Neptunea pribiloffensisNeptuneasp.,NA,Neptunea,Buccinidae,Neogastropoda,Gastropoda,NA,NA,Mollusca,Animalia,Neptunea spp.Neptunea ventricosa,ventricosa,Neptunea,Buccinidae,Neogastropoda,Gastropoda,NA,NA,Mollusca,Animalia,Neptunea ventricosaNeptuneaventricosa,ventricosa,Neptunea,Buccinidae,Neogastropoda,Gastropoda,NA,NA,Mollusca,Animalia,Neptunea ventricosaNEZUMIA BAIRDI,bairdii,Nezumia,Macrouridae,Gadiformes,Actinopterygii,Pisces,Vertebrata,Chordata,Animalia,Nezumia bairdiiNEZUMIA BAIRDII,bairdii,Nezumia,Macrouridae,Gadiformes,Actinopterygii,Pisces,Vertebrata,Chordata,Animalia,Nezumia bairdiiNOTACANTHIDAE,NA,NA,Notacanthidae,Notacanthiformes,Actinopterygii,Pisces,Vertebrata,Chordata,Animalia,Notacanthidae spp.Nudibranchia,NA,NA,NA,Nudibranchia,Gastropoda,NA,NA,Mollusca,Animalia,Nudibranchia spp.Occella dodecaedron,dodecaedron,Occella,Agonidae,Scorpaeniformes,Actinopterygii,Pisces,Vertebrata,Chordata,Animalia,Occella dodecaedronOccelladodecaedron,dodecaedron,Occella,Agonidae,Scorpaeniformes,Actinopterygii,Pisces,Vertebrata,Chordata,Animalia,Occella dodecaedronOctopodidae,NA,NA,Octopodidae,Octopoda,Cephalopoda,NA,NA,Mollusca,Animalia,Octopodidae spp.OCTOPODIDAE,NA,NA,Octopodidae,Octopoda,Cephalopoda,NA,NA,Mollusca,Animalia,Octopodidae spp.Oncorhynchus tshawytscha,tshawytscha,Oncorhynchus,Salmonidae,Salmoniformes,Actinopterygii,Pisces,Vertebrata,Chordata,Animalia,Oncorhynchus tshawytschaOncorhynchusketa,keta,Oncorhynchus,Salmonidae,Salmoniformes,Actinopterygii,Pisces,Vertebrata,Chordata,Animalia,Oncorhynchus ketaOncorhynchuskisutch,kisutch,Oncorhynchus,Salmonidae,Salmoniformes,Actinopterygii,Pisces,Vertebrata,Chordata,Animalia,Oncorhynchus kisutchOncorhynchustshawytscha,tshawytscha,Oncorhynchus,Salmonidae,Salmoniformes,Actinopterygii,Pisces,Vertebrata,Chordata,Animalia,Oncorhynchus tshawytschaOPHIDION WELSHI,welshi,Ophidion,Ophidiidae,Ophidiiformes,Actinopterygii,Pisces,Vertebrata,Chordata,Animalia,Ophidion welshiOphiodon elongatus,elongatus,Ophiodon,Hexagrammidae,Scorpaeniformes,Actinopterygii,Pisces,Vertebrata,Chordata,Animalia,Ophiodon elongatusOphiodonelongatus,elongatus,Ophiodon,Hexagrammidae,Scorpaeniformes,Actinopterygii,Pisces,Vertebrata,Chordata,Animalia,Ophiodon elongatusOPISTHONEMA OGLINUM,oglinum,Opisthonema,Clupeidae,Clupeiformes,Actinopterygii,Pisces,Vertebrata,Chordata,Animalia,Opisthonema oglinumOregonia gracilis,gracilis,Oregonia,Oregoniidae,Decapoda,Malacostraca,NA,Crustacea,Arthropoda,Animalia,Oregonia gracilisOregoniagracilis,gracilis,Oregonia,Oregoniidae,Decapoda,Malacostraca,NA,Crustacea,Arthropoda,Animalia,Oregonia gracilisORTHOPRISTIS CHRYSOPTERUS,chrysoptera,Orthopristis,Haemulidae,Perciformes,Actinopterygii,Pisces,Vertebrata,Chordata,Animalia,Orthopristis chrysopteraOsmeridae,NA,NA,Osmeridae,Osmeriformes,Actinopterygii,Pisces,Vertebrata,Chordata,Animalia,Osmeridae spp.Paguridae,NA,NA,Paguridae,Decapoda,Malacostraca,NA,Crustacea,Arthropoda,Animalia,Paguridae spp.Pandalopsis dispar,dispar,Pandalopsis,Pandalidae,Decapoda,Malacostraca,NA,Crustacea,Arthropoda,Animalia,Pandalopsis disparPandalopsisdispar,dispar,Pandalopsis,Pandalidae,Decapoda,Malacostraca,NA,Crustacea,Arthropoda,Animalia,Pandalopsis disparPANDALUS BOREALIS,borealis,Pandalus,Pandalidae,Decapoda,Malacostraca,NA,Crustacea,Arthropoda,Animalia,Pandalus borealisPandalus jordani,jordani,Pandalus,Pandalidae,Decapoda,Malacostraca,NA,Crustacea,Arthropoda,Animalia,Pandalus jordaniPANDALUS MONTAGUI,montagui,Pandalus,Pandalidae,Decapoda,Malacostraca,NA,Crustacea,Arthropoda,Animalia,Pandalus montaguiPandalus platyceros,platyceros,Pandalus,Pandalidae,Decapoda,Malacostraca,NA,Crustacea,Arthropoda,Animalia,Pandalus platycerosPANDALUS PROPINQUUS,propinquus,Pandalus,Pandalidae,Decapoda,Malacostraca,NA,Crustacea,Arthropoda,Animalia,Pandalus propinquusPandalus eous (=borealis),eous,Pandalus,Pandalidae,Decapoda,Malacostraca,NA,Crustacea,Arthropoda,Animalia,Pandalus eousPandaluseous(=borealis),eous,Pandalus,Pandalidae,Decapoda,Malacostraca,NA,Crustacea,Arthropoda,Animalia,Pandalus eousPandalus goniurus,goniurus,Pandalus,Pandalidae,Decapoda,Malacostraca,NA,Crustacea,Arthropoda,Animalia,Pandalus goniurusPandalusgoniurus,goniurus,Pandalus,Pandalidae,Decapoda,Malacostraca,NA,Crustacea,Arthropoda,Animalia,Pandalus goniurusPandalushypsinotus,hypsinotus,Pandalus,Pandalidae,Decapoda,Malacostraca,NA,Crustacea,Arthropoda,Animalia,Pandalus hypsinotusPandalusplatyceros,platyceros,Pandalus,Pandalidae,Decapoda,Malacostraca,NA,Crustacea,Arthropoda,Animalia,Pandalus platycerosPARALEPIDIDAE,NA,NA,Paralepididae,Aulopiformes,Actinopterygii,Pisces,Vertebrata,Chordata,Animalia,Paralepididae spp.Paralichthys dentatus,dentatus,Paralichthys,Paralichthyidae,Pleuronectiformes,Actinopterygii,Pisces,Vertebrata,Chordata,Animalia,Paralichthys dentatusPARALICHTHYS LETHOSTIGMA,lethostigma,Paralichthys,Paralichthyidae,Pleuronectiformes,Actinopterygii,Pisces,Vertebrata,Chordata,Animalia,Paralichthys lethostigmaParalithodes camtschaticus,camtschaticus,Paralithodes,Lithodidae,Decapoda,Malacostraca,NA,Crustacea,Arthropoda,Animalia,Paralithodes camtschaticusParalithodescamtschaticus,camtschaticus,Paralithodes,Lithodidae,Decapoda,Malacostraca,NA,Crustacea,Arthropoda,Animalia,Paralithodes camtschaticusParalithodes platypus,platypus,Paralithodes,Lithodidae,Decapoda,Malacostraca,NA,Crustacea,Arthropoda,Animalia,Paralithodes platypusParalithodesplatypus,platypus,Paralithodes,Lithodidae,Decapoda,Malacostraca,NA,Crustacea,Arthropoda,Animalia,Paralithodes platypusParophrys vetulus,vetulus,Parophrys,Pleuronectidae,Pleuronectiformes,Actinopterygii,Pisces,Vertebrata,Chordata,Animalia,Parophrys vetulusParophrysvetulus,vetulus,Parophrys,Pleuronectidae,Pleuronectiformes,Actinopterygii,Pisces,Vertebrata,Chordata,Animalia,Parophrys vetulusPASIPHAEA  SP,NA,Pasiphaea,Pasiphaeidae,Decapoda,Malacostraca,NA,Crustacea,Arthropoda,Animalia,Pasiphaea spp.PASIPHAEA  SP.,NA,Pasiphaea,Pasiphaeidae,Decapoda,Malacostraca,NA,Crustacea,Arthropoda,Animalia,Pasiphaea spp.Pasiphaeapacifica,pacifica,Pasiphaea,Pasiphaeidae,Decapoda,Malacostraca,NA,Crustacea,Arthropoda,Animalia,Pasiphaea pacificaPatinopecten caurinus,caurinus,Patinopecten,Pectinidae,Pectinoida,Bivalvia,NA,NA,Mollusca,Animalia,Patinopecten caurinusPatinopectencaurinus,caurinus,Patinopecten,Pectinidae,Pectinoida,Bivalvia,NA,NA,Mollusca,Animalia,Patinopecten caurinusPENAEUS AZTECUS,aztecus,Penaeus,Penaeidae,Decapoda,Malacostraca,NA,Crustacea,Arthropoda,Animalia,Penaeus aztecusPENAEUS DUORARUM,duorarum,Penaeus,Penaeidae,Decapoda,Malacostraca,NA,Crustacea,Arthropoda,Animalia,Penaeus duorarumPENAEUS SETIFERUS,setiferus,Litopenaeus,Penaeidae,Decapoda,Malacostraca,NA,Crustacea,Arthropoda,Animalia,Litopenaeus setiferusPennatulacea,NA,NA,NA,NA,Anthozoa,NA,NA,Cnidaria,Animalia,Pennatulacea spp.PEPRILUS ALEPIDOTUS,alepidotus,Peprilus,Stromateidae,Perciformes,Actinopterygii,Pisces,Vertebrata,Chordata,Animalia,Peprilus alepidotusPEPRILUS BURTI,burti,Peprilus,Stromateidae,Perciformes,Actinopterygii,Pisces,Vertebrata,Chordata,Animalia,Peprilus burtiPeprilus triacanthus,triacanthus,Peprilus,Stromateidae,Perciformes,Actinopterygii,Pisces,Vertebrata,Chordata,Animalia,Peprilus triacanthusPlacetronwosnessenskii,wosnessenskii,Placetron,Hapalogastridae,Decapoda,Malacostraca,NA,Crustacea,Arthropoda,Animalia,Placetron wosnessenskiiPlacopecten magellanicus,magellanicus,Placopecten,Pectinidae,Pectinoida,Bivalvia,NA,NA,Mollusca,Animalia,Placopecten magellanicusPlatichthys stellatus,stellatus,Platichthys,Pleuronectidae,Pleuronectiformes,Actinopterygii,Pisces,Vertebrata,Chordata,Animalia,Platichthys stellatusPlatichthysstellatus,stellatus,Platichthys,Pleuronectidae,Pleuronectiformes,Actinopterygii,Pisces,Vertebrata,Chordata,Animalia,Platichthys stellatusPleurogrammusmonopterygius,monopterygius,Pleurogrammus,Hexagrammidae,Scorpaeniformes,Actinopterygii,Pisces,Vertebrata,Chordata,Animalia,Pleurogrammus monopterygiusPleuronectes quadrituberculatus,quadrituberculatus,Pleuronectes,Pleuronectidae,Pleuronectiformes,Actinopterygii,Pisces,Vertebrata,Chordata,Animalia,Pleuronectes quadrituberculatusPleuronectesquadrituberculatus,quadrituberculatus,Pleuronectes,Pleuronectidae,Pleuronectiformes,Actinopterygii,Pisces,Vertebrata,Chordata,Animalia,Pleuronectes quadrituberculatusPleuronichthys decurrens,decurrens,Pleuronichthys,Pleuronectidae,Pleuronectiformes,Actinopterygii,Pisces,Vertebrata,Chordata,Animalia,Pleuronichthys decurrensPlicifusus kroyeri,kroeyeri,Plicifusus,Buccinidae,Neogastropoda,Gastropoda,NA,NA,Mollusca,Animalia,Plicifusus kroeyeriPlicifususkroyeri,kroeyeri,Plicifusus,Buccinidae,Neogastropoda,Gastropoda,NA,NA,Mollusca,Animalia,Plicifusus kroeyeriPodothecus accipenserinus,accipenserinus,Podothecus,Agonidae,Scorpaeniformes,Actinopterygii,Pisces,Vertebrata,Chordata,Animalia,Podothecus accipenserinusPodothecusaccipenserinus,accipenserinus,Podothecus,Agonidae,Scorpaeniformes,Actinopterygii,Pisces,Vertebrata,Chordata,Animalia,Podothecus accipenserinusPollachius virens,virens,Pollachius,Gadidae,Gadiformes,Actinopterygii,Pisces,Vertebrata,Chordata,Animalia,Pollachius virensPOLLACHIUS VIRENS,virens,Pollachius,Gadidae,Gadiformes,Actinopterygii,Pisces,Vertebrata,Chordata,Animalia,Pollachius virensPorichthys notatus,notatus,Porichthys,Batrachoididae,Batrachoidiformes,Actinopterygii,Pisces,Vertebrata,Chordata,Animalia,Porichthys notatusPORICHTHYS PLECTRODON,plectrodon,Porichthys,Batrachoididae,Batrachoidiformes,Actinopterygii,Pisces,Vertebrata,Chordata,Animalia,Porichthys plectrodonPORIFERA,NA,NA,NA,NA,NA,NA,NA,Porifera,Animalia,Porifera spp.Porifera,NA,NA,NA,NA,NA,NA,NA,Porifera,Animalia,Porifera spp.PORTUNUS GIBBESII,gibbesii,Portunus,Portunidae,Decapoda,Malacostraca,NA,Crustacea,Arthropoda,Animalia,Portunus gibbesiiPORTUNUS SPINICARPUS,spinicarpus,Achelous,Portunidae,Decapoda,Malacostraca,NA,Crustacea,Arthropoda,Animalia,Achelous spinicarpusPORTUNUS SPINIMANUS,spinimanus,Achelous,Portunidae,Decapoda,Malacostraca,NA,Crustacea,Arthropoda,Animalia,Achelous spinimanusPRIACANTHUS ARENATUS,arenatus,Priacanthus,Priacanthidae,Perciformes,Actinopterygii,Pisces,Vertebrata,Chordata,Animalia,Priacanthus arenatusPrionotus carolinus,carolinus,Prionotus,Triglidae,Scorpaeniformes,Actinopterygii,Pisces,Vertebrata,Chordata,Animalia,Prionotus carolinusPrionotus evolans,evolans,Prionotus,Triglidae,Scorpaeniformes,Actinopterygii,Pisces,Vertebrata,Chordata,Animalia,Prionotus evolansPRIONOTUS LONGISPINOSUS,longispinosus,Prionotus,Triglidae,Scorpaeniformes,Actinopterygii,Pisces,Vertebrata,Chordata,Animalia,Prionotus longispinosusPRIONOTUS OPHRYAS,ophryas,Prionotus,Triglidae,Scorpaeniformes,Actinopterygii,Pisces,Vertebrata,Chordata,Animalia,Prionotus ophryasPRIONOTUS PARALATUS,paralatus,Prionotus,Triglidae,Scorpaeniformes,Actinopterygii,Pisces,Vertebrata,Chordata,Animalia,Prionotus paralatusPRIONOTUS ROSEUS,roseus,Prionotus,Triglidae,Scorpaeniformes,Actinopterygii,Pisces,Vertebrata,Chordata,Animalia,Prionotus roseusPRIONOTUS RUBIO,rubio,Prionotus,Triglidae,Scorpaeniformes,Actinopterygii,Pisces,Vertebrata,Chordata,Animalia,Prionotus rubioPRIONOTUS STEARNSI,stearnsi,Prionotus,Triglidae,Scorpaeniformes,Actinopterygii,Pisces,Vertebrata,Chordata,Animalia,Prionotus stearnsiPRIONOTUS TRIBULUS,tribulus,Prionotus,Triglidae,Scorpaeniformes,Actinopterygii,Pisces,Vertebrata,Chordata,Animalia,Prionotus tribulusPRISTIPOMOIDES AQUILONARIS,aquilonaris,Pristipomoides,Lutjanidae,Perciformes,Actinopterygii,Pisces,Vertebrata,Chordata,Animalia,Pristipomoides aquilonarisPsettichthysmelanostictus,melanostictus,Psettichthys,Pleuronectidae,Pleuronectiformes,Actinopterygii,Pisces,Vertebrata,Chordata,Animalia,Psettichthys melanostictusPSEUDOPLEURONECTES AMERICANUS,americanus,Pseudopleuronectes,Pleuronectidae,Pleuronectiformes,Actinopterygii,Pisces,Vertebrata,Chordata,Animalia,Pseudopleuronectes americanusPseudopleuronectes americanus,americanus,Pseudopleuronectes,Pleuronectidae,Pleuronectiformes,Actinopterygii,Pisces,Vertebrata,Chordata,Animalia,Pseudopleuronectes americanusPycnopodiahelianthoides,helianthoides,Pycnopodia,Pycnopodiidae,Forcipulatida,Asteroidea,NA,Asterozoa,Echinodermata,Animalia,Pycnopodia helianthoidesPyrulofusus deformis,deformis,Pyrulofusus,Buccinidae,Neogastropoda,Gastropoda,NA,NA,Mollusca,Animalia,Pyrulofusus deformisPyrulofususdeformis,deformis,Pyrulofusus,Buccinidae,Neogastropoda,Gastropoda,NA,NA,Mollusca,Animalia,Pyrulofusus deformisRAJA (BATHYRAJA) SPINICAUDA,spinicauda,Bathyraja,Rajidae,Rajiformes,Elasmobranchii,Pisces,Vertebrata,Chordata,Animalia,Bathyraja spinicaudaRaja binoculata,binoculata,Raja,Rajidae,Rajiformes,Elasmobranchii,Pisces,Vertebrata,Chordata,Animalia,Raja binoculataRAJA FYLLAE,fyllae,Rajella,Rajidae,Rajiformes,Elasmobranchii,Pisces,Vertebrata,Chordata,Animalia,Rajella fyllaeRAJA RADIATA,radiata,Amblyraja,Rajidae,Rajiformes,Elasmobranchii,Pisces,Vertebrata,Chordata,Animalia,Amblyraja radiataRaja rhina,rhina,Raja,Rajidae,Rajiformes,Elasmobranchii,Pisces,Vertebrata,Chordata,Animalia,Raja rhinaRAJA SENTA,senta,Malacoraja,Rajidae,Rajiformes,Elasmobranchii,Pisces,Vertebrata,Chordata,Animalia,Malacoraja sentaRAJA TEXANA,texana,Raja,Rajidae,Rajiformes,Elasmobranchii,Pisces,Vertebrata,Chordata,Animalia,Raja texanaRajabinoculata,binoculata,Raja,Rajidae,Rajiformes,Elasmobranchii,Pisces,Vertebrata,Chordata,Animalia,Raja binoculataRajarhina,rhina,Raja,Rajidae,Rajiformes,Elasmobranchii,Pisces,Vertebrata,Chordata,Animalia,Raja rhinaRANINOIDES LOUISIANENSIS,louisianensis,Raninoides,Raninidae,Decapoda,Malacostraca,NA,Crustacea,Arthropoda,Animalia,Raninoides louisianensisREINHARDTIUS HIPPOGLOSSOIDES,hippoglossoides,Reinhardtius,Pleuronectidae,Pleuronectiformes,Actinopterygii,Pisces,Vertebrata,Chordata,Animalia,Reinhardtius hippoglossoidesReinhardtius hippoglossoides,hippoglossoides,Reinhardtius,Pleuronectidae,Pleuronectiformes,Actinopterygii,Pisces,Vertebrata,Chordata,Animalia,Reinhardtius hippoglossoidesReinhardtiushippoglossoides,hippoglossoides,Reinhardtius,Pleuronectidae,Pleuronectiformes,Actinopterygii,Pisces,Vertebrata,Chordata,Animalia,Reinhardtius hippoglossoidesRhamphocottusrichardsoni,richardsonii,Rhamphocottus,Rhamphocottidae,Scorpaeniformes,Actinopterygii,Pisces,Vertebrata,Chordata,Animalia,Rhamphocottus richardsoniiRHIZOPRIONODON TERRAENOVAE,terraenovae,Rhizoprionodon,Carcharhinidae,Carcharhiniformes,Elasmobranchii,Pisces,Vertebrata,Chordata,Animalia,Rhizoprionodon terraenovaeRossiapacifica,pacifica,Rossia,Sepiolidae,Sepiolida,Cephalopoda,NA,NA,Mollusca,Animalia,Rossia pacificaROSSIINAE,NA,NA,Sepiolidae,Sepiolida,Cephalopoda,NA,NA,Mollusca,Animalia,Rossiinae spp.SABINEA HYSTRIX,hystrix,Sabinea,Crangonidae,Decapoda,Malacostraca,NA,Crustacea,Arthropoda,Animalia,Sabinea hystrixSABINEA SARSI,sarsi,Sabinea,Crangonidae,Decapoda,Malacostraca,NA,Crustacea,Arthropoda,Animalia,Sabinea sarsiSABINEA SEPTEMCARINATA,septemcarinata,Sabinea,Crangonidae,Decapoda,Malacostraca,NA,Crustacea,Arthropoda,Animalia,Sabinea septemcarinataSAURIDA BRASILIENSIS,brasiliensis,Saurida,Synodontidae,Aulopiformes,Actinopterygii,Pisces,Vertebrata,Chordata,Animalia,Saurida brasiliensisSCLEROCRANGON BOREAS,boreas,Sclerocrangon,Crangonidae,Decapoda,Malacostraca,NA,Crustacea,Arthropoda,Animalia,Sclerocrangon boreasSCOMBER SCOMBRUS,scombrus,Scomber,Scombridae,Perciformes,Actinopterygii,Pisces,Vertebrata,Chordata,Animalia,Scomber scombrusScomber scombrus,scombrus,Scomber,Scombridae,Perciformes,Actinopterygii,Pisces,Vertebrata,Chordata,Animalia,Scomber scombrusSCOMBEROMORUS MACULATUS,maculatus,Scomberomorus,Scombridae,Perciformes,Actinopterygii,Pisces,Vertebrata,Chordata,Animalia,Scomberomorus maculatusScophthalmus aquosus,aquosus,Scophthalmus,Scophthalmidae,Pleuronectiformes,Actinopterygii,Pisces,Vertebrata,Chordata,Animalia,Scophthalmus aquosusSCORPAENA CALCARATA,calcarata,Scorpaena,Scorpaenidae,Scorpaeniformes,Actinopterygii,Pisces,Vertebrata,Chordata,Animalia,Scorpaena calcarataScyphozoa,NA,NA,NA,NA,NA,NA,NA,Cnidaria,Animalia,Scyphozoa spp.SCYPHOZOA,NA,NA,NA,NA,NA,NA,NA,Cnidaria,Animalia,Scyphozoa spp.Sebastes alutus,alutus,Sebastes,Sebastidae,Scorpaeniformes,Actinopterygii,Pisces,Vertebrata,Chordata,Animalia,Sebastes alutusSebastes babcocki,babcocki,Sebastes,Sebastidae,Scorpaeniformes,Actinopterygii,Pisces,Vertebrata,Chordata,Animalia,Sebastes babcockiSebastes chlorostictus,chlorostictus,Sebastes,Sebastidae,Scorpaeniformes,Actinopterygii,Pisces,Vertebrata,Chordata,Animalia,Sebastes chlorostictusSebastes crameri,crameri,Sebastes,Sebastidae,Scorpaeniformes,Actinopterygii,Pisces,Vertebrata,Chordata,Animalia,Sebastes crameriSebastes diploproa,diploproa,Sebastes,Sebastidae,Scorpaeniformes,Actinopterygii,Pisces,Vertebrata,Chordata,Animalia,Sebastes diploproaSebastes elongatus,elongatus,Sebastes,Sebastidae,Scorpaeniformes,Actinopterygii,Pisces,Vertebrata,Chordata,Animalia,Sebastes elongatusSebastes entomelas,entomelas,Sebastes,Sebastidae,Scorpaeniformes,Actinopterygii,Pisces,Vertebrata,Chordata,Animalia,Sebastes entomelasSebastes fasciatus,fasciatus,Sebastes,Sebastidae,Scorpaeniformes,Actinopterygii,Pisces,Vertebrata,Chordata,Animalia,Sebastes fasciatusSebastes flavidus,flavidus,Sebastes,Sebastidae,Scorpaeniformes,Actinopterygii,Pisces,Vertebrata,Chordata,Animalia,Sebastes flavidusSebastes goodei,goodei,Sebastes,Sebastidae,Scorpaeniformes,Actinopterygii,Pisces,Vertebrata,Chordata,Animalia,Sebastes goodeiSebastes helvomaculatus,helvomaculatus,Sebastes,Sebastidae,Scorpaeniformes,Actinopterygii,Pisces,Vertebrata,Chordata,Animalia,Sebastes helvomaculatusSebastes jordani,jordani,Sebastes,Sebastidae,Scorpaeniformes,Actinopterygii,Pisces,Vertebrata,Chordata,Animalia,Sebastes jordaniSEBASTES MARINUS,norvegicus,Sebastes,Sebastidae,Scorpaeniformes,Actinopterygii,Pisces,Vertebrata,Chordata,Animalia,Sebastes norvegicusSEBASTES MENTELLA,mentella,Sebastes,Sebastidae,Scorpaeniformes,Actinopterygii,Pisces,Vertebrata,Chordata,Animalia,Sebastes mentellaSebastes paucispinis,paucispinis,Sebastes,Sebastidae,Scorpaeniformes,Actinopterygii,Pisces,Vertebrata,Chordata,Animalia,Sebastes paucispinisSebastes pinniger,pinniger,Sebastes,Sebastidae,Scorpaeniformes,Actinopterygii,Pisces,Vertebrata,Chordata,Animalia,Sebastes pinnigerSebastes proriger,proriger,Sebastes,Sebastidae,Scorpaeniformes,Actinopterygii,Pisces,Vertebrata,Chordata,Animalia,Sebastes prorigerSebastes reedi,reedi,Sebastes,Sebastidae,Scorpaeniformes,Actinopterygii,Pisces,Vertebrata,Chordata,Animalia,Sebastes reediSebastes ruberrimus,ruberrimus,Sebastes,Sebastidae,Scorpaeniformes,Actinopterygii,Pisces,Vertebrata,Chordata,Animalia,Sebastes ruberrimusSebastes rufus,rufus,Sebastes,Sebastidae,Scorpaeniformes,Actinopterygii,Pisces,Vertebrata,Chordata,Animalia,Sebastes rufusSebastes saxicola,saxicola,Sebastes,Sebastidae,Scorpaeniformes,Actinopterygii,Pisces,Vertebrata,Chordata,Animalia,Sebastes saxicolaSEBASTES SP,NA,Sebastes,Sebastidae,Scorpaeniformes,Actinopterygii,Pisces,Vertebrata,Chordata,Animalia,Sebastes spp.SEBASTES SP.,NA,Sebastes,Sebastidae,Scorpaeniformes,Actinopterygii,Pisces,Vertebrata,Chordata,Animalia,Sebastes spp.Sebastes sp.,NA,Sebastes,Sebastidae,Scorpaeniformes,Actinopterygii,Pisces,Vertebrata,Chordata,Animalia,Sebastes spp.Sebastes wilsoni,wilsoni,Sebastes,Sebastidae,Scorpaeniformes,Actinopterygii,Pisces,Vertebrata,Chordata,Animalia,Sebastes wilsoniSebastes zacentrus,zacentrus,Sebastes,Sebastidae,Scorpaeniformes,Actinopterygii,Pisces,Vertebrata,Chordata,Animalia,Sebastes zacentrusSebastesalutus,alutus,Sebastes,Sebastidae,Scorpaeniformes,Actinopterygii,Pisces,Vertebrata,Chordata,Animalia,Sebastes alutusSebastesbabcocki,babcocki,Sebastes,Sebastidae,Scorpaeniformes,Actinopterygii,Pisces,Vertebrata,Chordata,Animalia,Sebastes babcockiSebastesborealis,borealis,Sebastes,Sebastidae,Scorpaeniformes,Actinopterygii,Pisces,Vertebrata,Chordata,Animalia,Sebastes borealisSebastesbrevispinis,brevispinis,Sebastes,Sebastidae,Scorpaeniformes,Actinopterygii,Pisces,Vertebrata,Chordata,Animalia,Sebastes brevispinisSebastescrameri,crameri,Sebastes,Sebastidae,Scorpaeniformes,Actinopterygii,Pisces,Vertebrata,Chordata,Animalia,Sebastes crameriSebasteselongatus,elongatus,Sebastes,Sebastidae,Scorpaeniformes,Actinopterygii,Pisces,Vertebrata,Chordata,Animalia,Sebastes elongatusSebasteshelvomaculatus,helvomaculatus,Sebastes,Sebastidae,Scorpaeniformes,Actinopterygii,Pisces,Vertebrata,Chordata,Animalia,Sebastes helvomaculatusSebastesmaliger,maliger,Sebastes,Sebastidae,Scorpaeniformes,Actinopterygii,Pisces,Vertebrata,Chordata,Animalia,Sebastes maligerSebastesmelanops,melanops,Sebastes,Sebastidae,Scorpaeniformes,Actinopterygii,Pisces,Vertebrata,Chordata,Animalia,Sebastes melanopsSebastespinniger,pinniger,Sebastes,Sebastidae,Scorpaeniformes,Actinopterygii,Pisces,Vertebrata,Chordata,Animalia,Sebastes pinnigerSebastespolyspinis,polyspinis,Sebastes,Sebastidae,Scorpaeniformes,Actinopterygii,Pisces,Vertebrata,Chordata,Animalia,Sebastes polyspinisSebastesproriger,proriger,Sebastes,Sebastidae,Scorpaeniformes,Actinopterygii,Pisces,Vertebrata,Chordata,Animalia,Sebastes prorigerSebastesruberrimus,ruberrimus,Sebastes,Sebastidae,Scorpaeniformes,Actinopterygii,Pisces,Vertebrata,Chordata,Animalia,Sebastes ruberrimusSebastessp.,NA,Sebastes,Sebastidae,Scorpaeniformes,Actinopterygii,Pisces,Vertebrata,Chordata,Animalia,Sebastes spp.Sebastesvariegatus,variegatus,Sebastes,Sebastidae,Scorpaeniformes,Actinopterygii,Pisces,Vertebrata,Chordata,Animalia,Sebastes variegatusSebasteszacentrus,zacentrus,Sebastes,Sebastidae,Scorpaeniformes,Actinopterygii,Pisces,Vertebrata,Chordata,Animalia,Sebastes zacentrusSebastolobus alascanus,alascanus,Sebastolobus,Sebastidae,Scorpaeniformes,Actinopterygii,Pisces,Vertebrata,Chordata,Animalia,Sebastolobus alascanusSebastolobusalascanus,alascanus,Sebastolobus,Sebastidae,Scorpaeniformes,Actinopterygii,Pisces,Vertebrata,Chordata,Animalia,Sebastolobus alascanusSELAR CRUMENOPHTHALMUS,crumenophthalmus,Selar,Carangidae,Perciformes,Actinopterygii,Pisces,Vertebrata,Chordata,Animalia,Selar crumenophthalmusSELENE SETAPINNIS,setapinnis,Selene,Carangidae,Perciformes,Actinopterygii,Pisces,Vertebrata,Chordata,Animalia,Selene setapinnisSERRANUS ATROBRANCHUS,atrobranchus,Serranus,Serranidae,Perciformes,Actinopterygii,Pisces,Vertebrata,Chordata,Animalia,Serranus atrobranchusSerripes groenlandicus,groenlandicus,Serripes,Cardiidae,Veneroida,Bivalvia,NA,NA,Mollusca,Animalia,Serripes groenlandicusSerripesgroenlandicus,groenlandicus,Serripes,Cardiidae,Veneroida,Bivalvia,NA,NA,Mollusca,Animalia,Serripes groenlandicusSERRIVOMER BEANI,beanii,Serrivomer,Serrivomeridae,Anguilliformes,Actinopterygii,Pisces,Vertebrata,Chordata,Animalia,Serrivomer beaniiSICYONIA BREVIROSTRIS,brevirostris,Sicyonia,Sicyoniidae,Decapoda,Malacostraca,NA,Crustacea,Arthropoda,Animalia,Sicyonia brevirostrisSICYONIA DORSALIS,dorsalis,Sicyonia,Sicyoniidae,Decapoda,Malacostraca,NA,Crustacea,Arthropoda,Animalia,Sicyonia dorsalisSolastersp.,NA,Solaster,Solasteridae,Valvatida,Asteroidea,NA,Asterozoa,Echinodermata,Animalia,Solaster spp.SOLENOCERA,NA,Solenocera,Solenoceridae,Decapoda,Malacostraca,NA,Crustacea,Arthropoda,Animalia,Solenocera spp.Somniosuspacificus,pacificus,Somniosus,Dalatiidae,Squaliformes,Elasmobranchii,Pisces,Vertebrata,Chordata,Animalia,Somniosus pacificusSPHOEROIDES PARVUS,parvus,Sphoeroides,Tetraodontidae,Tetraodontiformes,Actinopterygii,Pisces,Vertebrata,Chordata,Animalia,Sphoeroides parvusSPHYRAENA GUACHANCHO,guachancho,Sphyraena,Sphyraenidae,Perciformes,Actinopterygii,Pisces,Vertebrata,Chordata,Animalia,Sphyraena guachanchoSPIRONTOCARIS LILLJEBORGI,lilljeborgi,Spirontocaris,Hippolytidae,Decapoda,Malacostraca,NA,Crustacea,Arthropoda,Animalia,Spirontocaris lilljeborgiSPIRONTOCARIS SPINUS,spinus,Spirontocaris,Hippolytidae,Decapoda,Malacostraca,NA,Crustacea,Arthropoda,Animalia,Spirontocaris spinusSQUALUS ACANTHIAS,acanthias,Squalus,Squalidae,Squaliformes,Elasmobranchii,Pisces,Vertebrata,Chordata,Animalia,Squalus acanthiasSqualus acanthias,acanthias,Squalus,Squalidae,Squaliformes,Elasmobranchii,Pisces,Vertebrata,Chordata,Animalia,Squalus acanthiasSqualusacanthias,acanthias,Squalus,Squalidae,Squaliformes,Elasmobranchii,Pisces,Vertebrata,Chordata,Animalia,Squalus acanthiasSTELLIFER LANCEOLATUS,lanceolatus,Stellifer,Sciaenidae,Perciformes,Actinopterygii,Pisces,Vertebrata,Chordata,Animalia,Stellifer lanceolatusSTENOTOMUS CAPRINUS,caprinus,Stenotomus,Sparidae,Perciformes,Actinopterygii,Pisces,Vertebrata,Chordata,Animalia,Stenotomus caprinusStenotomus chrysops,chrysops,Stenotomus,Sparidae,Perciformes,Actinopterygii,Pisces,Vertebrata,Chordata,Animalia,Stenotomus chrysopsSTEREOMASTIS SCULPTA,sculpta,Stereomastis,Polychelidae,Decapoda,Malacostraca,NA,Crustacea,Arthropoda,Animalia,Stereomastis sculptaSTOMIAS BOA FEROX,boa ferox,Stomias,Stomiidae,Stomiiformes,Actinopterygii,Pisces,Vertebrata,Chordata,Animalia,Stomias boa feroxStrongylocentrotus droebachiensis,droebachiensis,Strongylocentrotus,Strongylocentrotidae,Camarodonta,Echinoidea,NA,Echinozoa,Echinodermata,Animalia,Strongylocentrotus droebachiensisStrongylocentrotusdroebachiensis,droebachiensis,Strongylocentrotus,Strongylocentrotidae,Camarodonta,Echinoidea,NA,Echinozoa,Echinodermata,Animalia,Strongylocentrotus droebachiensisSYACIUM GUNTERI,gunteri,Syacium,Paralichthyidae,Pleuronectiformes,Actinopterygii,Pisces,Vertebrata,Chordata,Animalia,Syacium gunteriSYACIUM PAPILLOSUM,papillosum,Syacium,Paralichthyidae,Pleuronectiformes,Actinopterygii,Pisces,Vertebrata,Chordata,Animalia,Syacium papillosumSYMPHURUS PLAGIUSA,plagiusa,Symphurus,Cynoglossidae,Pleuronectiformes,Actinopterygii,Pisces,Vertebrata,Chordata,Animalia,Symphurus plagiusaSYNAPHOBRANCHUS KAUPI,kaupii,Synaphobranchus,Synaphobranchidae,Anguilliformes,Actinopterygii,Pisces,Vertebrata,Chordata,Animalia,Synaphobranchus kaupiiSYNODUS FOETENS,foetens,Synodus,Synodontidae,Aulopiformes,Actinopterygii,Pisces,Vertebrata,Chordata,Animalia,Synodus foetensSYNODUS POEYI,poeyi,Synodus,Synodontidae,Aulopiformes,Actinopterygii,Pisces,Vertebrata,Chordata,Animalia,Synodus poeyiTautogolabrus adspersus,adspersus,Tautogolabrus,Labridae,Perciformes,Actinopterygii,Pisces,Vertebrata,Chordata,Animalia,Tautogolabrus adspersusTelmessus cheiragonus,cheiragonus,Telmessus,Cheiragonidae,Decapoda,Malacostraca,NA,Crustacea,Arthropoda,Animalia,Telmessus cheiragonusTelmessuscheiragonus,cheiragonus,Telmessus,Cheiragonidae,Decapoda,Malacostraca,NA,Crustacea,Arthropoda,Animalia,Telmessus cheiragonusThaleichthys pacificus,pacificus,Thaleichthys,Osmeridae,Osmeriformes,Actinopterygii,Pisces,Vertebrata,Chordata,Animalia,Thaleichthys pacificusThaleichthyspacificus,pacificus,Thaleichthys,Osmeridae,Osmeriformes,Actinopterygii,Pisces,Vertebrata,Chordata,Animalia,Thaleichthys pacificusTheragra chalcogramma,chalcogramma,Theragra,Gadidae,Gadiformes,Actinopterygii,Pisces,Vertebrata,Chordata,Animalia,Theragra chalcogrammaTheragrachalcogramma,chalcogramma,Theragra,Gadidae,Gadiformes,Actinopterygii,Pisces,Vertebrata,Chordata,Animalia,Theragra chalcogrammaTorpedo californica,californica,Torpedo,Torpedinidae,Torpediniformes,Elasmobranchii,Pisces,Vertebrata,Chordata,Animalia,Torpedo californicaTRACHURUS LATHAMI,lathami,Trachurus,Carangidae,Perciformes,Actinopterygii,Pisces,Vertebrata,Chordata,Animalia,Trachurus lathamiTrachurus symmetricus,symmetricus,Trachurus,Carangidae,Perciformes,Actinopterygii,Pisces,Vertebrata,Chordata,Animalia,Trachurus symmetricusTRACHYPENEUS,NA,Trachypeneus,Penaeidae,Decapoda,Malacostraca,NA,Crustacea,Arthropoda,Animalia,Trachypeneus spp.TRICHIURUS LEPTURUS,lepturus,Trichiurus,Trichiuridae,Perciformes,Actinopterygii,Pisces,Vertebrata,Chordata,Animalia,Trichiurus lepturusTrichodontrichodon,trichodon,Trichodon,Trichodontidae,Perciformes,Actinopterygii,Pisces,Vertebrata,Chordata,Animalia,Trichodon trichodonTRICHOPSETTA VENTRALIS,ventralis,Trichopsetta,Bothidae,Pleuronectiformes,Actinopterygii,Pisces,Vertebrata,Chordata,Animalia,Trichopsetta ventralisTRIGLOPS  SP,NA,Triglops,Cottidae,Scorpaeniformes,Actinopterygii,Pisces,Vertebrata,Chordata,Animalia,Triglops spp.TRIGLOPS  SP.,NA,Triglops,Cottidae,Scorpaeniformes,Actinopterygii,Pisces,Vertebrata,Chordata,Animalia,Triglops spp.Triglopsforficata,forficatus,Triglops,Cottidae,Scorpaeniformes,Actinopterygii,Pisces,Vertebrata,Chordata,Animalia,Triglops forficatusTriglopsmacellus,macellus,Triglops,Cottidae,Scorpaeniformes,Actinopterygii,Pisces,Vertebrata,Chordata,Animalia,Triglops macellusTriglopspingeli,pingelii,Triglops,Cottidae,Scorpaeniformes,Actinopterygii,Pisces,Vertebrata,Chordata,Animalia,Triglops pingeliiTriglopsscepticus,scepticus,Triglops,Cottidae,Scorpaeniformes,Actinopterygii,Pisces,Vertebrata,Chordata,Animalia,Triglops scepticusUPENEUS PARVUS,parvus,Upeneus,Mullidae,Perciformes,Actinopterygii,Pisces,Vertebrata,Chordata,Animalia,Upeneus parvusUROPHYCIS CHESTERI,chesteri,Phycis,Phycidae,Gadiformes,Actinopterygii,Pisces,Vertebrata,Chordata,Animalia,Phycis chesteriUrophycis chuss,chuss,Urophycis,Phycidae,Gadiformes,Actinopterygii,Pisces,Vertebrata,Chordata,Animalia,Urophycis chussUROPHYCIS CIRRATUS,cirrata,Urophycis,Phycidae,Gadiformes,Actinopterygii,Pisces,Vertebrata,Chordata,Animalia,Urophycis cirrataUROPHYCIS FLORIDANUS,floridana,Urophycis,Phycidae,Gadiformes,Actinopterygii,Pisces,Vertebrata,Chordata,Animalia,Urophycis floridanaUrophycis regia,regia,Urophycis,Phycidae,Gadiformes,Actinopterygii,Pisces,Vertebrata,Chordata,Animalia,Urophycis regiaUrophycis tenuis,tenuis,Urophycis,Phycidae,Gadiformes,Actinopterygii,Pisces,Vertebrata,Chordata,Animalia,Urophycis tenuisUROPHYCIS TENUIS,tenuis,Urophycis,Phycidae,Gadiformes,Actinopterygii,Pisces,Vertebrata,Chordata,Animalia,Urophycis tenuisVolutopsius sp.,NA,Volutopsius,Buccinidae,Neogastropoda,Gastropoda,NA,NA,Mollusca,Animalia,Volutopsius spp.Volutopsiussp.,NA,Volutopsius,Buccinidae,Neogastropoda,Gastropoda,NA,NA,Mollusca,Animalia,Volutopsius spp.Zalembius rosaceus,rosaceus,Zalembius,Embiotocidae,Perciformes,Actinopterygii,Pisces,Vertebrata,Chordata,Animalia,Zalembius rosaceusZaprorasilenus,silenus,Zaprora,Zaproridae,Perciformes,Actinopterygii,Pisces,Vertebrata,Chordata,Animalia,Zaprora silenusZoarces americanus,americanus,Zoarces,Zoarcidae,Perciformes,Actinopterygii,Pisces,Vertebrata,Chordata,Animalia,Zoarces americanusZOARCIDAE,NA,NA,Zoarcidae,Perciformes,Actinopterygii,Pisces,Vertebrata,Chordata,Animalia,Zoarcidae spp.